country,iso,year,value
Afghanistan,AF,2020,-15.7183027911684
Afghanistan,AF,2019,-20.1704643881064
Afghanistan,AF,2018,-21.5852741164653
Afghanistan,AF,2017,-18.9559612272258
Afghanistan,AF,2016,-14.9501951919169
Afghanistan,AF,2015,-21.9126573355151
Afghanistan,AF,2014,-15.7724198274304
Afghanistan,AF,2013,-25.290058564309
Afghanistan,AF,2012,-25.8706814974751
Afghanistan,AF,2011,-12.6195382087159
Afghanistan,AF,2010,-3.64331388234628
Albania,AL,2022,-5.87243640069213
Albania,AL,2021,-7.59590759205624
Albania,AL,2020,-8.62504716701021
Albania,AL,2019,-7.82064680790707
Albania,AL,2018,-6.60766413996776
Albania,AL,2017,-7.54422875202925
Albania,AL,2016,-7.59082599857198
Albania,AL,2015,-8.60488046763521
Albania,AL,2014,-10.7753990397848
Albania,AL,2013,-9.27418778932724
Albania,AL,2012,-10.2001762330966
Albania,AL,2011,-12.9331014515688
Albania,AL,2010,-11.3658658518304
Algeria,DZ,2022,8.61249001435547
Algeria,DZ,2021,-2.42326388144805
Algeria,DZ,2020,-11.0309095376359
Algeria,DZ,2019,-8.76373598794007
Algeria,DZ,2018,-8.68941296193565
Algeria,DZ,2017,-11.6217683736912
Algeria,DZ,2016,-14.4962877563746
Algeria,DZ,2015,-14.4205446442816
Algeria,DZ,2014,-3.8772158836163
Algeria,DZ,2013,0.517147116303438
Algeria,DZ,2012,5.32371106942359
Algeria,DZ,2011,8.09495300569721
Algeria,DZ,2010,6.8736192928034
Andorra,AD,2022,11.643445126406
Andorra,AD,2021,15.0218009387808
Andorra,AD,2020,15.5264308539605
Andorra,AD,2019,18.0104704758856
Angola,AO,2022,11.2671532788355
Angola,AO,2021,12.6297800641592
Angola,AO,2020,1.797710856441
Angola,AO,2019,7.24618124732477
Angola,AO,2018,9.31723397425301
Angola,AO,2017,-0.858821843953161
Angola,AO,2016,-5.84742399005694
Angola,AO,2015,-11.351655507595
Angola,AO,2014,-2.75620042901358
Angola,AO,2013,6.15469619733807
Angola,AO,2012,10.80895743621
Angola,AO,2011,11.7046835510956
Angola,AO,2010,8.95704217526965
Antigua and Barbuda,AG,2022,-15.6164808799734
Antigua and Barbuda,AG,2021,-17.7899425259443
Antigua and Barbuda,AG,2020,-15.5756632582072
Antigua and Barbuda,AG,2019,-6.50941783211153
Antigua and Barbuda,AG,2018,-13.9937660480859
Antigua and Barbuda,AG,2017,-7.7154739119248
Antigua and Barbuda,AG,2016,-2.38746823038994
Antigua and Barbuda,AG,2015,2.03355375207685
Antigua and Barbuda,AG,2014,-0.0378931718702426
Antigua and Barbuda,AG,2013,-8.78109406191867
Antigua and Barbuda,AG,2012,-8.34018612878931
Antigua and Barbuda,AG,2011,-5.09688220358304
Antigua and Barbuda,AG,2010,-10.8746896905601
Argentina,AR,2022,-0.640820188045601
Argentina,AR,2021,1.36154422203441
Argentina,AR,2020,0.696935361136032
Argentina,AR,2019,-0.779998447561849
Argentina,AR,2018,-5.16055257152294
Argentina,AR,2017,-4.83995921807391
Argentina,AR,2016,-2.70922168361454
Argentina,AR,2015,-2.96292666513535
Argentina,AR,2014,-1.74400211981355
Argentina,AR,2013,-2.37749566620574
Argentina,AR,2012,-0.39159512386959
Argentina,AR,2011,-1.00728084144866
Argentina,AR,2010,-0.383118699737132
Armenia,AM,2022,0.331693235139525
Armenia,AM,2021,-3.47997395796116
Armenia,AM,2020,-3.99777390668494
Armenia,AM,2019,-7.05686573000043
Armenia,AM,2018,-7.2281230237955
Armenia,AM,2017,-1.260724020147
Armenia,AM,2016,-0.956577968660235
Armenia,AM,2015,-2.66180705584758
Armenia,AM,2014,-7.76786633240124
Armenia,AM,2013,-7.31624657065382
Armenia,AM,2012,-9.96233164214969
Armenia,AM,2011,-10.4403281934474
Armenia,AM,2010,-13.6219482985734
Aruba,AW,2022,7.03054716243499
Aruba,AW,2021,2.70553036523941
Aruba,AW,2020,-12.7507541445433
Aruba,AW,2019,2.49710965476204
Aruba,AW,2018,-0.591367072740339
Aruba,AW,2017,1.11979544978693
Aruba,AW,2016,4.73177774121448
Aruba,AW,2015,3.99414168614573
Aruba,AW,2014,-4.65857687581846
Aruba,AW,2013,-11.8132064186599
Aruba,AW,2012,3.47345127544661
Aruba,AW,2011,-9.8776559966521
Aruba,AW,2010,-18.7525373189382
Australia,AU,2022,0.337521409077968
Australia,AU,2021,2.61066078948374
Australia,AU,2020,1.87433748291951
Australia,AU,2019,-0.0207105142276053
Australia,AU,2018,-2.56116066582786
Australia,AU,2017,-3.00161155039194
Australia,AU,2016,-3.6163121880746
Australia,AU,2015,-4.31257611103591
Australia,AU,2014,-3.09266163288854
Australia,AU,2013,-3.25799888383101
Australia,AU,2012,-4.44404469042498
Australia,AU,2011,-3.26400930085158
Australia,AU,2010,-4.00506862277956
Austria,AT,2022,-0.829086609771728
Austria,AT,2021,1.71589946789047
Austria,AT,2020,3.3513779974929
Austria,AT,2019,2.38423045289808
Austria,AT,2018,0.908176708238319
Austria,AT,2017,1.24444591726667
Austria,AT,2016,2.57148776968201
Austria,AT,2015,1.58832680063968
Austria,AT,2014,2.31393875506261
Austria,AT,2013,1.75299233450364
Austria,AT,2012,1.51000017550336
Austria,AT,2011,1.58501011759763
Austria,AT,2010,2.94294851772084
Azerbaijan,AZ,2022,29.7916946512237
Azerbaijan,AZ,2021,14.9620003998682
Azerbaijan,AZ,2020,-0.740874280795449
Azerbaijan,AZ,2019,8.70455620187564
Azerbaijan,AZ,2018,12.6823769245212
Azerbaijan,AZ,2017,4.12208960991814
Azerbaijan,AZ,2016,-3.60050733417184
Azerbaijan,AZ,2015,-0.419198909856565
Azerbaijan,AZ,2014,13.5683574038086
Azerbaijan,AZ,2013,16.4935876692396
Azerbaijan,AZ,2012,21.4925357741895
Azerbaijan,AZ,2011,25.9957665612112
Azerbaijan,AZ,2010,28.4268313519369
"Bahamas, The",BS,2022,-9.3830328201543
"Bahamas, The",BS,2021,-21.4091678759537
"Bahamas, The",BS,2020,-22.9408947412774
"Bahamas, The",BS,2019,-2.65423795994222
"Bahamas, The",BS,2018,-8.84029408152681
"Bahamas, The",BS,2017,-12.8682246348301
"Bahamas, The",BS,2016,-6.0517621951897
"Bahamas, The",BS,2015,-10.3082218220564
"Bahamas, The",BS,2014,-17.1793879299618
"Bahamas, The",BS,2013,-14.3704765386021
"Bahamas, The",BS,2012,-14.0368120592515
"Bahamas, The",BS,2011,-11.9472714724764
"Bahamas, The",BS,2010,-8.0632166374795
Bahrain,BH,2022,14.6497544700467
Bahrain,BH,2021,6.37213530677418
Bahrain,BH,2020,-9.05383693445987
Bahrain,BH,2019,-1.96409784324041
Bahrain,BH,2018,-6.15289066217848
Bahrain,BH,2017,-4.30051876437292
Bahrain,BH,2016,-4.40558716045662
Bahrain,BH,2015,-2.31252912932776
Bahrain,BH,2014,4.38061668747352
Bahrain,BH,2013,7.12443578913414
Bahrain,BH,2012,8.06539982681225
Bahrain,BH,2011,10.8553403651519
Bahrain,BH,2010,2.8727610009228
Bangladesh,BD,2022,-3.81010813185136
Bangladesh,BD,2021,-3.78969259910934
Bangladesh,BD,2020,0.31894044196432
Bangladesh,BD,2019,-0.839485005371137
Bangladesh,BD,2018,-2.20783912081883
Bangladesh,BD,2017,-2.03756600416726
Bangladesh,BD,2016,0.351171861174517
Bangladesh,BD,2015,1.32188871858147
Bangladesh,BD,2014,0.437159797644511
Bangladesh,BD,2013,1.3723251518825
Bangladesh,BD,2012,1.93195276968292
Bangladesh,BD,2011,-0.125842241657655
Bangladesh,BD,2010,1.82909794723498
Barbados,BB,2017,-5.37207753716545
Barbados,BB,2016,-8.48641052893695
Barbados,BB,2015,-1.86708346142229
Barbados,BB,2014,-12.0306623984079
Barbados,BB,2013,-4.70953069139193
Barbados,BB,2012,-8.50835280061712
Barbados,BB,2011,-3.24982279392014
Barbados,BB,2010,-5.24644752037007
Belarus,BY,2022,3.56177663896649
Belarus,BY,2021,3.0672484923844
Belarus,BY,2020,-0.290687465352215
Belarus,BY,2019,-1.93416802348366
Belarus,BY,2018,0.0381468469587966
Belarus,BY,2017,-1.74032844195636
Belarus,BY,2016,-3.37736852773594
Belarus,BY,2015,-3.24347461784006
Belarus,BY,2014,-6.63305918043161
Belarus,BY,2013,-10.0192566839897
Belarus,BY,2012,-2.8350076212066
Belarus,BY,2011,-8.18054584289412
Belarus,BY,2010,-14.4678043936086
Belgium,BE,2022,-1.18476181705959
Belgium,BE,2021,1.86556031631373
Belgium,BE,2020,0.874586400402743
Belgium,BE,2019,0.123098549898876
Belgium,BE,2018,-0.874098516086552
Belgium,BE,2017,0.702363722625537
Belgium,BE,2016,0.558076934849913
Belgium,BE,2015,1.38017908454948
Belgium,BE,2014,0.751219410488652
Belgium,BE,2013,0.969084734716926
Belgium,BE,2012,-0.0829864949097406
Belgium,BE,2011,-1.92887747556171
Belgium,BE,2010,1.52379368667185
Belize,BZ,2022,-8.27503903869997
Belize,BZ,2021,-6.52200388988279
Belize,BZ,2020,-6.26182966146403
Belize,BZ,2019,-7.73126092549567
Belize,BZ,2018,-6.57557614826683
Belize,BZ,2017,-6.97326171926515
Belize,BZ,2016,-7.29650492928029
Belize,BZ,2015,-7.9676955998834
Belize,BZ,2014,-6.35386054940414
Belize,BZ,2013,-3.57083937981071
Belize,BZ,2012,-1.7342159764007
Belize,BZ,2011,-1.0918621898446
Belize,BZ,2010,-2.61996122117629
Benin,BJ,2022,-6.00907083608035
Benin,BJ,2021,-4.15294312049827
Benin,BJ,2020,-1.75041319714608
Benin,BJ,2019,-3.99948140523511
Benin,BJ,2018,-4.54919534814523
Benin,BJ,2017,-4.18078963717339
Benin,BJ,2016,-2.99669454901549
Benin,BJ,2015,-5.96409317114647
Benin,BJ,2014,-6.66790663014034
Benin,BJ,2013,-5.37925541834664
Benin,BJ,2012,-5.17832684720293
Benin,BJ,2011,-4.83328626910556
Benin,BJ,2010,-5.56723414879971
Bermuda,BM,2021,13.2058418881567
Bermuda,BM,2020,12.3977262345857
Bermuda,BM,2019,11.2979726598327
Bermuda,BM,2018,12.3021020474022
Bermuda,BM,2017,13.1637987135115
Bermuda,BM,2016,12.2608303872275
Bermuda,BM,2015,14.1692141819505
Bermuda,BM,2014,12.7467918685619
Bermuda,BM,2013,13.0015680806387
Bermuda,BM,2012,14.5337206234213
Bermuda,BM,2011,13.7436914712344
Bermuda,BM,2010,10.4899591972884
Bhutan,BT,2022,-27.8005472550438
Bhutan,BT,2021,-11.5313120563647
Bhutan,BT,2020,-15.5091108675254
Bhutan,BT,2019,-18.3062679873896
Bhutan,BT,2018,-18.5091514022686
Bhutan,BT,2017,-20.8546965569122
Bhutan,BT,2016,-26.4131091663954
Bhutan,BT,2015,-25.0627177300499
Bhutan,BT,2014,-23.4688052609704
Bhutan,BT,2013,-24.293493246944
Bhutan,BT,2012,-19.1060720871467
Bhutan,BT,2011,-26.6070201962457
Bhutan,BT,2010,-18.9069431386518
Bolivia,BO,2022,2.13388054975564
Bolivia,BO,2021,3.91243044868311
Bolivia,BO,2020,-0.0434502183251208
Bolivia,BO,2019,-3.34046725209088
Bolivia,BO,2018,-4.28165522079254
Bolivia,BO,2017,-5.06081178823831
Bolivia,BO,2016,-5.61927215827459
Bolivia,BO,2015,-5.86726594440418
Bolivia,BO,2014,1.71604883673797
Bolivia,BO,2013,3.4377206274777
Bolivia,BO,2012,7.2736779094105
Bolivia,BO,2011,2.24179461328449
Bolivia,BO,2010,4.44660536937585
Bosnia and Herzegovina,BA,2022,-4.39236523811558
Bosnia and Herzegovina,BA,2021,-1.47528685104269
Bosnia and Herzegovina,BA,2020,-2.83951861702088
Bosnia and Herzegovina,BA,2019,-2.59691882108326
Bosnia and Herzegovina,BA,2018,-3.23063057976363
Bosnia and Herzegovina,BA,2017,-4.77878210545296
Bosnia and Herzegovina,BA,2016,-4.69867094642486
Bosnia and Herzegovina,BA,2015,-5.03540520266748
Bosnia and Herzegovina,BA,2014,-7.35085841133572
Bosnia and Herzegovina,BA,2013,-5.3258583032982
Bosnia and Herzegovina,BA,2012,-8.62595020271337
Bosnia and Herzegovina,BA,2011,-9.47919944225313
Bosnia and Herzegovina,BA,2010,-6.00046399403912
Botswana,BW,2022,-1.1422212637765
Botswana,BW,2021,-1.67769059498
Botswana,BW,2020,-10.1670468011302
Botswana,BW,2019,-6.90505478190798
Botswana,BW,2018,0.392946349031096
Botswana,BW,2017,5.58580913830414
Botswana,BW,2016,7.97299722000005
Botswana,BW,2015,2.22618287554396
Botswana,BW,2014,11.0750306448499
Botswana,BW,2013,4.53073148351166
Botswana,BW,2012,-5.90199267050561
Botswana,BW,2011,-0.87298477500224
Botswana,BW,2010,-5.88840225663454
Brazil,BR,2022,-2.15975658541159
Brazil,BR,2021,-2.41876568208583
Brazil,BR,2020,-1.68778805337408
Brazil,BR,2019,-3.46989581411662
Brazil,BR,2018,-2.8075200859069
Brazil,BR,2017,-1.22429925770861
Brazil,BR,2016,-1.70011339695482
Brazil,BR,2015,-3.51839166782255
Brazil,BR,2014,-4.4988303801852
Brazil,BR,2013,-3.57422079596048
Brazil,BR,2012,-3.75941611656142
Brazil,BR,2011,-3.19461831898174
Brazil,BR,2010,-3.92594604434557
Brunei Darussalam,BN,2022,19.5667136669754
Brunei Darussalam,BN,2021,11.2102930222649
Brunei Darussalam,BN,2020,4.27887461849894
Brunei Darussalam,BN,2019,6.6355550353942
Brunei Darussalam,BN,2018,6.92823103255275
Brunei Darussalam,BN,2017,16.362218549166
Brunei Darussalam,BN,2016,12.8939057283535
Brunei Darussalam,BN,2015,16.6790433078393
Brunei Darussalam,BN,2014,30.7091836772045
Brunei Darussalam,BN,2013,20.8809881751641
Brunei Darussalam,BN,2012,29.8383189696267
Brunei Darussalam,BN,2011,34.7106649473496
Brunei Darussalam,BN,2010,36.5956039713662
Bulgaria,BG,2022,-2.60246666143146
Bulgaria,BG,2021,-1.03358348191171
Bulgaria,BG,2020,0.362007221946166
Bulgaria,BG,2019,1.65493433053486
Bulgaria,BG,2018,0.572868008529003
Bulgaria,BG,2017,3.23867502289839
Bulgaria,BG,2016,3.10025600360375
Bulgaria,BG,2015,0.0183814862482981
Bulgaria,BG,2014,2.18953559128089
Bulgaria,BG,2013,1.2150656976306
Bulgaria,BG,2012,-0.973730262473593
Bulgaria,BG,2011,0.47195006241871
Bulgaria,BG,2010,-1.9003198193068
Burkina Faso,BF,2022,-7.45988627329846
Burkina Faso,BF,2021,0.392208859644244
Burkina Faso,BF,2020,4.1931251239965
Burkina Faso,BF,2019,-3.26728197882863
Burkina Faso,BF,2018,-4.18372491409563
Burkina Faso,BF,2017,-6.35349497520963
Burkina Faso,BF,2016,-6.0796386850131
Burkina Faso,BF,2015,-7.56751200933841
Burkina Faso,BF,2014,-7.16454946786702
Burkina Faso,BF,2013,-10.0082857458856
Burkina Faso,BF,2012,-1.29204165999457
Burkina Faso,BF,2011,-1.32772267157687
Burkina Faso,BF,2010,-1.79655604009114
Burundi,BI,2022,-18.6289555009173
Burundi,BI,2021,-14.1897728146803
Burundi,BI,2020,-13.008651673299
Burundi,BI,2019,-15.2431972553408
Burundi,BI,2018,-14.5912293655985
Burundi,BI,2017,-13.7155221555246
Burundi,BI,2016,-12.3789527310826
Burundi,BI,2015,-11.530480718165
Burundi,BI,2014,-15.8466721557505
Burundi,BI,2013,-10.5412211637507
Burundi,BI,2012,-11.1924151286239
Burundi,BI,2011,-12.6836314052419
Burundi,BI,2010,-14.8111210984709
Cabo Verde,CV,2022,-3.48336677710103
Cabo Verde,CV,2021,-12.2149777326852
Cabo Verde,CV,2020,-15.6834304654253
Cabo Verde,CV,2019,-0.968698562598978
Cabo Verde,CV,2018,-4.40170435637594
Cabo Verde,CV,2017,-6.9931164719733
Cabo Verde,CV,2016,-3.46715998994157
Cabo Verde,CV,2015,-2.89127851947954
Cabo Verde,CV,2014,-8.27455286476655
Cabo Verde,CV,2013,-5.2914571085641
Cabo Verde,CV,2012,-12.7312450215892
Cabo Verde,CV,2011,-14.8785945210366
Cabo Verde,CV,2010,-12.2081961374489
Cambodia,KH,2022,-18.9575920517337
Cambodia,KH,2021,-29.6082488651911
Cambodia,KH,2020,-1.00006150750614
Cambodia,KH,2019,-7.99991923360397
Cambodia,KH,2018,-8.73582304512043
Cambodia,KH,2017,-6.15664205071234
Cambodia,KH,2016,-6.52773923371679
Cambodia,KH,2015,-6.61221348694343
Cambodia,KH,2014,-6.55176399019618
Cambodia,KH,2013,-6.54160754946616
Cambodia,KH,2012,-6.80261456302101
Cambodia,KH,2011,-6.39866172664646
Cambodia,KH,2010,-7.10406918806883
Cameroon,CM,2022,-3.39397488391441
Cameroon,CM,2021,-3.98670897608133
Cameroon,CM,2020,-3.70931267651988
Cameroon,CM,2019,-4.27316997253143
Cameroon,CM,2018,-3.52725517847681
Cameroon,CM,2017,-2.63102845264373
Cameroon,CM,2016,-3.06806029650276
Cameroon,CM,2015,-3.64384590025676
Cameroon,CM,2014,-3.85300319903713
Cameroon,CM,2013,-3.34459990547821
Cameroon,CM,2012,-3.17006037197893
Cameroon,CM,2011,-2.44588511307824
Cameroon,CM,2010,-3.11602303510797
Canada,CA,2022,-0.29227644014174
Canada,CA,2021,-0.0221263171245921
Canada,CA,2020,-2.01049352658992
Canada,CA,2019,-1.95170274818579
Canada,CA,2018,-2.38507161087906
Canada,CA,2017,-2.8034274767599
Canada,CA,2016,-3.093111446907
Canada,CA,2015,-3.51398716666024
Canada,CA,2014,-2.31892137730875
Canada,CA,2013,-3.14687545091254
Canada,CA,2012,-3.53224767688727
Canada,CA,2011,-2.77400602599856
Canada,CA,2010,-3.59618567149688
Cayman Islands,KY,2022,-9.80587517058896
Cayman Islands,KY,2021,-13.1056399843482
Cayman Islands,KY,2020,-14.6320063569896
Cayman Islands,KY,2019,-10.8861308298588
Cayman Islands,KY,2018,-16.7723987613564
Cayman Islands,KY,2017,-16.8690569421759
Cayman Islands,KY,2016,-14.3925574520851
Chile,CL,2022,-8.65956531568217
Chile,CL,2021,-7.2777100504384
Chile,CL,2020,-1.94941123362021
Chile,CL,2019,-5.21244978814831
Chile,CL,2018,-4.48367554775236
Chile,CL,2017,-2.75779980861257
Chile,CL,2016,-2.62065852368128
Chile,CL,2015,-2.73506821611239
Chile,CL,2014,-3.46029991870042
Chile,CL,2013,-4.77606541669928
Chile,CL,2012,-5.32849119014849
Chile,CL,2011,-4.91713901679071
Chile,CL,2010,0.896881680736791
China,CN,2022,2.47947458572128
China,CN,2021,1.98022814428178
China,CN,2020,1.69417196526513
China,CN,2019,0.720658984389148
China,CN,2018,0.173667284672295
China,CN,2017,1.53264496925769
China,CN,2016,1.70330002824602
China,CN,2015,2.64901137604426
China,CN,2014,2.25329351831007
China,CN,2013,1.54855438304032
China,CN,2012,2.52446164533542
China,CN,2011,1.80223714352334
China,CN,2010,3.9067339999217
Colombia,CO,2022,-6.14606090715928
Colombia,CO,2021,-5.6351694946032
Colombia,CO,2020,-3.42772945914236
Colombia,CO,2019,-4.58427517266059
Colombia,CO,2018,-4.20138344687968
Colombia,CO,2017,-3.18224191114871
Colombia,CO,2016,-4.45195067751591
Colombia,CO,2015,-6.37230442230879
Colombia,CO,2014,-5.19843119341792
Colombia,CO,2013,-3.23615067105022
Colombia,CO,2012,-3.14008013112594
Colombia,CO,2011,-2.90611447190462
Colombia,CO,2010,-2.99583091222973
Comoros,KM,2022,-0.422370445048612
Comoros,KM,2021,-0.314473575359912
Comoros,KM,2020,-1.79978941327919
Comoros,KM,2019,-3.33166140326131
Comoros,KM,2018,-2.83225012492641
Comoros,KM,2017,-2.13204216493526
Comoros,KM,2016,-4.34858918733342
Comoros,KM,2015,-0.256465657736018
Comoros,KM,2014,-3.7803293757662
Comoros,KM,2012,-4.04970428541402
Comoros,KM,2011,-5.42473025670486
Comoros,KM,2010,-4.3322227069687
"Congo, Dem. Rep.",CD,2022,-4.78420264034479
"Congo, Dem. Rep.",CD,2021,-1.06167192896581
"Congo, Dem. Rep.",CD,2020,-2.15968234798244
"Congo, Dem. Rep.",CD,2019,-3.27031370620225
"Congo, Dem. Rep.",CD,2018,-3.5156285816565
"Congo, Dem. Rep.",CD,2017,-3.2652501894048
"Congo, Dem. Rep.",CD,2016,-4.05053876521373
"Congo, Dem. Rep.",CD,2015,-3.91310432360812
"Congo, Dem. Rep.",CD,2014,-4.79716150307317
"Congo, Dem. Rep.",CD,2013,-9.5129360137515
"Congo, Dem. Rep.",CD,2012,-4.30100115530101
"Congo, Dem. Rep.",CD,2011,-4.95593928260483
"Congo, Dem. Rep.",CD,2010,-10.0784944564579
"Congo, Rep.",CG,2021,11.5738751772006
"Congo, Rep.",CG,2020,12.5614280869547
"Congo, Rep.",CG,2019,11.6793050600101
"Congo, Rep.",CG,2016,-32.8963883802867
"Congo, Rep.",CG,2015,-37.2388274641582
"Congo, Rep.",CG,2014,3.79355485952657
"Congo, Rep.",CG,2013,10.7855804840986
"Congo, Rep.",CG,2012,13.6849086384196
"Congo, Rep.",CG,2011,13.2423472931453
"Congo, Rep.",CG,2010,6.85413566856583
Costa Rica,CR,2022,-3.28139915247024
Costa Rica,CR,2021,-3.17593347841436
Costa Rica,CR,2020,-1.0451399398849
Costa Rica,CR,2019,-1.19007304662517
Costa Rica,CR,2018,-2.99153112578977
Costa Rica,CR,2017,-3.61676636348474
Costa Rica,CR,2016,-2.13651622902175
Costa Rica,CR,2015,-3.40396456306336
Costa Rica,CR,2014,-4.71600481230981
Costa Rica,CR,2013,-4.77170630967613
Costa Rica,CR,2012,-5.10481785769544
Costa Rica,CR,2011,-5.29681753650104
Costa Rica,CR,2010,-3.22336387445293
Cote d'Ivoire,CI,2022,-7.68645594475982
Cote d'Ivoire,CI,2021,-3.94825311453385
Cote d'Ivoire,CI,2020,-3.13243536755177
Cote d'Ivoire,CI,2019,-2.23379059024848
Cote d'Ivoire,CI,2018,-3.90363086723185
Cote d'Ivoire,CI,2017,-1.99780015304643
Cote d'Ivoire,CI,2016,-0.855798630849984
Cote d'Ivoire,CI,2015,-0.439534823506043
Cote d'Ivoire,CI,2014,1.04562413672806
Cote d'Ivoire,CI,2013,-1.48012277771383
Cote d'Ivoire,CI,2012,-0.882958574823465
Cote d'Ivoire,CI,2011,7.26612761772171
Cote d'Ivoire,CI,2010,1.33095270108223
Croatia,HR,2022,-3.68078262891498
Croatia,HR,2021,0.807872377612066
Croatia,HR,2020,-0.79471642197724
Croatia,HR,2019,2.63940414879378
Croatia,HR,2018,1.21879362311209
Croatia,HR,2017,4.05033996072394
Croatia,HR,2016,2.46258877507005
Croatia,HR,2015,2.81569132776121
Croatia,HR,2014,0.393612117446996
Croatia,HR,2013,-0.858964118871847
Croatia,HR,2012,-0.361322793991159
Croatia,HR,2011,-1.66224275963358
Croatia,HR,2010,-2.51814375609402
Curacao,CW,2022,-26.7518167491028
Curacao,CW,2021,-18.5704716286344
Curacao,CW,2020,-27.1790165284439
Curacao,CW,2019,-17.868762273522
Curacao,CW,2018,-26.6788619613119
Curacao,CW,2017,-22.4080601133126
Curacao,CW,2016,-19.3487660234797
Curacao,CW,2015,-16.9786946075613
Curacao,CW,2014,-16.533127015432
Curacao,CW,2013,-25.1892796282226
Curacao,CW,2012,-29.7077853235381
Curacao,CW,2011,-30.0160246256858
Cyprus,CY,2022,-5.5180144908117
Cyprus,CY,2021,-5.44863394406944
Cyprus,CY,2020,-9.70521766643824
Cyprus,CY,2019,-5.52358779333748
Cyprus,CY,2018,-3.74116387276707
Cyprus,CY,2017,-4.91227621613636
Cyprus,CY,2016,-3.87009257416934
Cyprus,CY,2015,-0.244186265425847
Cyprus,CY,2014,-4.07615408092307
Cyprus,CY,2013,-1.50316970166727
Cyprus,CY,2012,-3.86860062836353
Cyprus,CY,2011,-2.09343675182057
Cyprus,CY,2010,-10.7622757102317
Czechia,CZ,2022,-4.52048439437013
Czechia,CZ,2021,-2.04624111898244
Czechia,CZ,2020,1.78520080795831
Czechia,CZ,2019,0.356195094422182
Czechia,CZ,2018,0.451859774047595
Czechia,CZ,2017,1.35301705500193
Czechia,CZ,2016,1.74734921729713
Czechia,CZ,2015,0.446971205922034
Czechia,CZ,2014,0.217020094001343
Czechia,CZ,2013,-0.519137991701544
Czechia,CZ,2012,-1.501449440317
Czechia,CZ,2011,-2.1691537824734
Czechia,CZ,2010,-3.48120039690543
Denmark,DK,2022,11.5656223681511
Denmark,DK,2021,8.65914472386699
Denmark,DK,2020,7.23112965395448
Denmark,DK,2019,7.42526960323985
Denmark,DK,2018,6.24457266735134
Denmark,DK,2017,7.36024532050309
Denmark,DK,2016,7.0785087767559
Denmark,DK,2015,7.95393817418838
Denmark,DK,2014,8.33724641683407
Denmark,DK,2013,7.38438213074311
Denmark,DK,2012,6.04077392997687
Denmark,DK,2011,6.33895025513779
Denmark,DK,2010,6.39689740721914
Djibouti,DJ,2022,17.8593816032676
Djibouti,DJ,2021,-6.64847700936444
Djibouti,DJ,2020,11.5020743532667
Djibouti,DJ,2019,18.2584262511938
Djibouti,DJ,2018,14.7117694324276
Djibouti,DJ,2017,-4.79510874009852
Djibouti,DJ,2016,-1.00034788975653
Djibouti,DJ,2015,29.4599511791353
Djibouti,DJ,2014,23.9575053238472
Djibouti,DJ,2013,-30.7756454699895
Djibouti,DJ,2012,-10.9311673573902
Djibouti,DJ,2011,-13.8678242864019
Djibouti,DJ,2010,4.47357137871551
Dominica,DM,2022,-26.9691848499082
Dominica,DM,2021,-33.5155990448367
Dominica,DM,2020,-36.9633253757218
Dominica,DM,2019,-38.1318845047392
Dominica,DM,2018,-46.6524667396649
Dominica,DM,2017,-11.0283065529593
Dominica,DM,2016,-8.98790334142535
Dominica,DM,2015,-7.08253329442565
Dominica,DM,2014,-6.83148085940272
Dominica,DM,2013,-18.6960090164188
Dominica,DM,2012,-17.6866752370363
Dominica,DM,2011,-14.1740256881856
Dominica,DM,2010,-17.8256008614503
Dominican Republic,DO,2022,-5.76805690073836
Dominican Republic,DO,2021,-2.84932341249584
Dominican Republic,DO,2020,-1.6858466539231
Dominican Republic,DO,2019,-1.33559890727136
Dominican Republic,DO,2018,-1.54461337602595
Dominican Republic,DO,2017,-0.166379063172654
Dominican Republic,DO,2016,-1.07615585415127
Dominican Republic,DO,2015,-1.79906290356184
Dominican Republic,DO,2014,-3.23042785325025
Dominican Republic,DO,2013,-4.09669996553836
Dominican Republic,DO,2012,-6.54329188822032
Dominican Republic,DO,2011,-7.51114424482423
Dominican Republic,DO,2010,-7.47026738085731
Ecuador,EC,2022,1.83322993167713
Ecuador,EC,2021,2.73530514830235
Ecuador,EC,2020,2.09143136395223
Ecuador,EC,2019,-0.507339455466227
Ecuador,EC,2018,-1.53393873198942
Ecuador,EC,2017,-0.388423584941001
Ecuador,EC,2016,0.921880823309631
Ecuador,EC,2015,-2.28484408591192
Ecuador,EC,2014,-0.651047970913705
Ecuador,EC,2013,-0.966037832420016
Ecuador,EC,2012,-0.166909556494228
Ecuador,EC,2011,-0.506587087684931
Ecuador,EC,2010,-2.32172616604527
"Egypt, Arab Rep.",EG,2022,-2.2100904275198
"Egypt, Arab Rep.",EG,2021,-4.38240299812002
"Egypt, Arab Rep.",EG,2020,-3.70903990583376
"Egypt, Arab Rep.",EG,2019,-3.20758543154937
"Egypt, Arab Rep.",EG,2018,-2.93164483711978
"Egypt, Arab Rep.",EG,2017,-3.19681566782461
"Egypt, Arab Rep.",EG,2016,-6.16465951871263
"Egypt, Arab Rep.",EG,2015,-5.23529137853431
"Egypt, Arab Rep.",EG,2014,-1.94849131455399
"Egypt, Arab Rep.",EG,2013,-1.22513249838744
"Egypt, Arab Rep.",EG,2012,-2.49788021735236
"Egypt, Arab Rep.",EG,2011,-2.32378812632193
"Egypt, Arab Rep.",EG,2010,-2.05668307641306
El Salvador,SV,2022,-6.82165878501212
El Salvador,SV,2021,-4.30553038660689
El Salvador,SV,2020,1.11030429654712
El Salvador,SV,2019,-0.421693578525018
El Salvador,SV,2018,-3.30179306522223
El Salvador,SV,2017,-1.85990733613607
El Salvador,SV,2016,-2.27403286613894
El Salvador,SV,2015,-3.2159293549397
El Salvador,SV,2014,-5.3713869873012
El Salvador,SV,2013,-6.90474689247509
El Salvador,SV,2012,-5.79721503254672
El Salvador,SV,2011,-5.48105199392229
El Salvador,SV,2010,-2.88821622788294
Estonia,EE,2022,-3.89799854711609
Estonia,EE,2021,-3.72846855950514
Estonia,EE,2020,-2.7306242700292
Estonia,EE,2019,2.00905944057614
Estonia,EE,2018,0.563761631353159
Estonia,EE,2017,1.69970978175346
Estonia,EE,2016,0.996247381037252
Estonia,EE,2015,1.46327360938589
Estonia,EE,2014,0.518408483980374
Estonia,EE,2013,-0.133143040301748
Estonia,EE,2012,-1.85807259126915
Estonia,EE,2011,1.30548764458293
Estonia,EE,2010,1.74366049478647
Eswatini,SZ,2022,-3.00236156588613
Eswatini,SZ,2021,2.64513343871852
Eswatini,SZ,2020,6.59907530715042
Eswatini,SZ,2019,3.83354009105268
Eswatini,SZ,2018,1.30340249223708
Eswatini,SZ,2017,6.14751617904165
Eswatini,SZ,2016,8.02557916075404
Eswatini,SZ,2015,13.7519336554713
Eswatini,SZ,2014,12.047539811251
Eswatini,SZ,2013,11.0226707628731
Eswatini,SZ,2012,4.91018584462683
Eswatini,SZ,2011,-5.8442028934161
Eswatini,SZ,2010,-8.74814249319525
Ethiopia,ET,2022,-4.07059182048539
Ethiopia,ET,2021,-4.05104445487667
Ethiopia,ET,2020,-2.52541427273292
Ethiopia,ET,2019,-5.23928384636561
Ethiopia,ET,2018,-5.47209883044265
Ethiopia,ET,2017,-7.25029143899611
Ethiopia,ET,2016,-10.640419267884
Ethiopia,ET,2015,-11.7149020637799
Ethiopia,ET,2014,-10.3781721184148
Ethiopia,ET,2013,-6.36626399169653
Ethiopia,ET,2012,-7.10674868080213
Ethiopia,ET,2011,-3.30367964138338
Ethiopia,ET,2010,-2.1222608717343
Faroe Islands,FO,2011,7.75436992619401
Faroe Islands,FO,2010,6.18734358043311
Fiji,FJ,2022,-17.41955368959
Fiji,FJ,2021,-15.9482442399688
Fiji,FJ,2020,-13.8552602449921
Fiji,FJ,2019,-12.8222684529238
Fiji,FJ,2018,-8.44729845712939
Fiji,FJ,2017,-6.63907088641392
Fiji,FJ,2016,-3.60696936782774
Fiji,FJ,2015,-3.47299247646812
Fiji,FJ,2014,-5.77781237875561
Fiji,FJ,2013,-9.7117807351876
Fiji,FJ,2012,-1.4340442908102
Fiji,FJ,2011,-5.16119192694596
Fiji,FJ,2010,-4.7591968754889
Finland,FI,2022,-2.50703012641764
Finland,FI,2021,0.326640931588569
Finland,FI,2020,0.529983303828095
Finland,FI,2019,-0.15499529100125
Finland,FI,2018,-1.63811271947478
Finland,FI,2017,-0.613710516292878
Finland,FI,2016,-1.98213896057961
Finland,FI,2015,-0.912485503630059
Finland,FI,2014,-1.40306958808626
Finland,FI,2013,-1.87586111811563
Finland,FI,2012,-2.25407429115713
Finland,FI,2011,-1.55989641961033
Finland,FI,2010,1.39274108679821
France,FR,2022,-1.18259080268105
France,FR,2021,0.244238511780542
France,FR,2020,-2.00313613657686
France,FR,2019,0.58736276457575
France,FR,2018,-0.735670615255371
France,FR,2017,-0.474615185215668
France,FR,2016,-0.538632351885895
France,FR,2015,-0.334528437032909
France,FR,2014,-0.962733699381149
France,FR,2013,-0.597990456908111
France,FR,2012,-1.22530807843013
France,FR,2011,-1.02802797917579
France,FR,2010,-0.832545468638348
French Polynesia,PF,2016,7.49427461409959
French Polynesia,PF,2015,5.46732880455944
French Polynesia,PF,2014,4.29649738932559
French Polynesia,PF,2013,3.27354524979354
French Polynesia,PF,2012,1.37240717988221
French Polynesia,PF,2011,2.82663363720287
French Polynesia,PF,2010,-0.294406118669795
Gabon,GA,2015,0.980288664808838
Gabon,GA,2014,6.10892058354702
Gabon,GA,2013,8.31242147608324
Gabon,GA,2012,11.5176523304205
Gabon,GA,2011,14.30205454341
Gabon,GA,2010,17.0685059551217
"Gambia, The",GM,2022,-4.09350427164043
"Gambia, The",GM,2021,-4.31333160293426
"Gambia, The",GM,2020,-4.77621848558059
"Gambia, The",GM,2019,-2.04445221575257
"Gambia, The",GM,2018,-8.08332529672771
"Gambia, The",GM,2017,-6.32875593450885
"Gambia, The",GM,2016,-5.1279664746384
"Gambia, The",GM,2015,-3.90228061316891
"Gambia, The",GM,2014,-6.87758719722139
"Gambia, The",GM,2013,-7.05935659160073
"Gambia, The",GM,2012,-6.55707152697876
"Gambia, The",GM,2011,-7.67135227929092
"Gambia, The",GM,2010,1.13391181749086
Georgia,GE,2022,-4.42087610102786
Georgia,GE,2021,-10.30459946521
Georgia,GE,2020,-12.4335796501942
Georgia,GE,2019,-5.99374849041921
Georgia,GE,2018,-6.65935234039703
Georgia,GE,2017,-7.95124743463903
Georgia,GE,2016,-12.2417329389246
Georgia,GE,2015,-11.6071164150782
Georgia,GE,2014,-9.93087844279949
Georgia,GE,2013,-5.45445307967913
Georgia,GE,2012,-11.1441786727056
Georgia,GE,2011,-11.9098234516365
Georgia,GE,2010,-9.6468391223966
Germany,DE,2022,4.43791548373552
Germany,DE,2021,6.93196765120446
Germany,DE,2020,6.34985102790796
Germany,DE,2019,7.88005874480123
Germany,DE,2018,8.44474369079798
Germany,DE,2017,8.08358573755333
Germany,DE,2016,8.89985353214631
Germany,DE,2015,8.10033539639847
Germany,DE,2014,7.19249005241928
Germany,DE,2013,6.72723104677662
Germany,DE,2012,7.19271816687107
Germany,DE,2011,6.25886646333735
Germany,DE,2010,5.77101102573256
Ghana,GH,2022,-2.34386724746484
Ghana,GH,2021,-3.19578911466864
Ghana,GH,2020,-3.04664626466096
Ghana,GH,2019,-2.72757875831896
Ghana,GH,2018,-3.03807908979548
Ghana,GH,2017,-3.31530397149447
Ghana,GH,2016,-5.04237663194914
Ghana,GH,2015,-5.71517581561193
Ghana,GH,2014,-6.74397855148997
Ghana,GH,2013,-9.07929682110928
Ghana,GH,2012,-11.9009237632839
Ghana,GH,2011,-9.00258173366364
Ghana,GH,2010,-8.5327330566748
Greece,GR,2022,-10.3357101038965
Greece,GR,2021,-6.34795283469092
Greece,GR,2020,-6.48664200392795
Greece,GR,2019,-1.50121840629263
Greece,GR,2018,-2.92946837177349
Greece,GR,2017,-1.79956830770948
Greece,GR,2016,-1.68881636338714
Greece,GR,2015,-0.828192197799729
Greece,GR,2014,-1.59663409250033
Greece,GR,2013,-2.09216226097274
Greece,GR,2012,-2.58418506053025
Greece,GR,2011,-10.0976272377955
Greece,GR,2010,-10.2094499511211
Grenada,GD,2022,-12.122117222565
Grenada,GD,2021,-14.3720511551808
Grenada,GD,2020,-16.1060034218251
Grenada,GD,2019,-10.3282132272823
Grenada,GD,2018,-12.7578936321222
Grenada,GD,2017,-11.4635306675494
Grenada,GD,2016,-8.84957467526886
Grenada,GD,2015,-10.6165101004822
Grenada,GD,2014,-9.08236900654942
Grenada,GD,2013,-17.064097987527
Grenada,GD,2012,-14.9830707473177
Grenada,GD,2011,-18.6656495604378
Grenada,GD,2010,-19.4482994535287
Guatemala,GT,2022,1.25183056596165
Guatemala,GT,2021,2.18604717106608
Guatemala,GT,2020,5.04131134881773
Guatemala,GT,2019,2.36029059992479
Guatemala,GT,2018,0.885829177236282
Guatemala,GT,2017,1.19614112500964
Guatemala,GT,2016,0.964776433206893
Guatemala,GT,2015,-1.24431009342642
Guatemala,GT,2014,-3.30032026304924
Guatemala,GT,2013,-4.22439861083835
Guatemala,GT,2012,-3.72480170275582
Guatemala,GT,2011,-3.37024214653633
Guatemala,GT,2010,-1.88548550474234
Guinea,GN,2022,16.8265386883899
Guinea,GN,2021,27.1761588078073
Guinea,GN,2020,19.0560604764664
Guinea,GN,2019,-2.34042432173531
Guinea,GN,2018,-1.60638873400794
Guinea,GN,2017,5.03018582642409
Guinea,GN,2016,-31.9328390727135
Guinea,GN,2015,-11.6007986964145
Guinea,GN,2014,-11.1827727004958
Guinea,GN,2013,-14.2034724942303
Guinea,GN,2012,-13.5979829951241
Guinea,GN,2011,-17.1165293375314
Guinea,GN,2010,-4.7697025907998
Guinea-Bissau,GW,2022,-8.16202978382442
Guinea-Bissau,GW,2021,-0.762101077108201
Guinea-Bissau,GW,2020,-2.34956550384566
Guinea-Bissau,GW,2019,-8.0200719570584
Guinea-Bissau,GW,2018,-3.48324795461301
Guinea-Bissau,GW,2017,0.263885195365577
Guinea-Bissau,GW,2016,1.36293739261607
Guinea-Bissau,GW,2015,1.81726336561494
Guinea-Bissau,GW,2014,0.555849591467734
Guinea-Bissau,GW,2013,-4.73187653933365
Guinea-Bissau,GW,2012,-7.93224654147768
Guinea-Bissau,GW,2011,-1.21431910534762
Guinea-Bissau,GW,2010,-7.52999517168867
Guyana,GY,2022,28.8207799078315
Guyana,GY,2021,-16.9076104824515
Guyana,GY,2020,-11.6095974967976
Guyana,GY,2019,-57.1070048116682
Guyana,GY,2018,-26.677311081907
Guyana,GY,2017,-2.5604255246699
Guyana,GY,2016,3.37225553747119
Guyana,GY,2015,-0.907095962415786
Guyana,GY,2014,-9.33174702245427
Guyana,GY,2013,-10.9417365700277
Guyana,GY,2012,-9.02441909942374
Guyana,GY,2011,-10.0853362607878
Guyana,GY,2010,-7.1762463185401
Haiti,HT,2022,-2.42897523935011
Haiti,HT,2021,0.419859714184918
Haiti,HT,2020,0.355302483558182
Haiti,HT,2019,-1.12265260280797
Haiti,HT,2018,-2.89019632961826
Haiti,HT,2017,-2.15252938271163
Haiti,HT,2016,-1.69084789043559
Haiti,HT,2015,-1.82345284080223
Haiti,HT,2014,-4.95582102756805
Haiti,HT,2013,-3.76338389441215
Haiti,HT,2012,-3.14501833525929
Haiti,HT,2011,-2.48774144631427
Haiti,HT,2010,-0.85860185595704
Honduras,HN,2022,-6.69789798896129
Honduras,HN,2021,-5.46356164867157
Honduras,HN,2020,2.85135257343249
Honduras,HN,2019,-2.65600856407128
Honduras,HN,2018,-6.57234650779592
Honduras,HN,2017,-1.24589511291671
Honduras,HN,2016,-3.14341400861299
Honduras,HN,2015,-4.67090141649466
Honduras,HN,2014,-6.94516636573265
Honduras,HN,2013,-9.52729388609888
Honduras,HN,2012,-8.53140502862293
Honduras,HN,2011,-7.95391811894249
Honduras,HN,2010,-5.07642907628295
"Hong Kong SAR, China",HK,2022,10.1831685319613
"Hong Kong SAR, China",HK,2021,11.8330568374943
"Hong Kong SAR, China",HK,2020,6.99412189485111
"Hong Kong SAR, China",HK,2019,5.85365354996682
"Hong Kong SAR, China",HK,2018,3.73603565842398
"Hong Kong SAR, China",HK,2017,4.57729182218877
"Hong Kong SAR, China",HK,2016,3.95440937584328
"Hong Kong SAR, China",HK,2015,3.31756278823982
"Hong Kong SAR, China",HK,2014,1.39201098734822
"Hong Kong SAR, China",HK,2013,1.52003210528648
"Hong Kong SAR, China",HK,2012,1.57916253447199
"Hong Kong SAR, China",HK,2011,5.55641787886819
"Hong Kong SAR, China",HK,2010,7.0032730634956
Hungary,HU,2022,-8.3205705337549
Hungary,HU,2021,-3.87800347437411
Hungary,HU,2020,-0.856486462034654
Hungary,HU,2019,-0.61012681765295
Hungary,HU,2018,0.342221041090595
Hungary,HU,2017,1.72222481371539
Hungary,HU,2016,4.41513360524006
Hungary,HU,2015,2.11974465500318
Hungary,HU,2014,0.747980298522413
Hungary,HU,2013,2.99024715804561
Hungary,HU,2012,1.07616343983467
Hungary,HU,2011,0.428149463526032
Hungary,HU,2010,-0.187824310820443
Iceland,IS,2022,-2.42669497806943
Iceland,IS,2021,-2.79395804491668
Iceland,IS,2020,1.12712934760835
Iceland,IS,2019,6.54263819647393
Iceland,IS,2018,4.28102734251169
Iceland,IS,2017,4.25674789459763
Iceland,IS,2016,8.27171987498996
Iceland,IS,2015,5.62762590827157
Iceland,IS,2014,4.34644886292108
Iceland,IS,2013,6.26157055695868
Iceland,IS,2012,-3.5156011396135
Iceland,IS,2011,-4.70354106391418
Iceland,IS,2010,-6.14491097728025
India,IN,2022,-2.35728753316071
India,IN,2021,-1.05524166809384
India,IN,2020,1.22362111042791
India,IN,2019,-1.04961203910072
India,IN,2018,-2.42697545810527
India,IN,2017,-1.43948820320988
India,IN,2016,-0.527880606037518
India,IN,2015,-1.06754907167965
India,IN,2014,-1.33950896483453
India,IN,2013,-2.64566711733893
India,IN,2012,-5.00488971805304
India,IN,2011,-3.42928468606061
India,IN,2010,-3.25348368945179
Indonesia,ID,2022,1.00184767462664
Indonesia,ID,2021,0.295885914530007
Indonesia,ID,2020,-0.418606247730959
Indonesia,ID,2019,-2.70566198130944
Indonesia,ID,2018,-2.93907291486926
Indonesia,ID,2017,-1.59465689988054
Indonesia,ID,2016,-1.81915089252068
Indonesia,ID,2015,-2.03504192738521
Indonesia,ID,2014,-3.08816907533729
Indonesia,ID,2013,-3.1899648289581
Indonesia,ID,2012,-2.66027359462061
Indonesia,ID,2011,0.188703954019704
Indonesia,ID,2010,0.681277286873069
Iraq,IQ,2022,20.237730601562
Iraq,IQ,2021,11.7148037882244
Iraq,IQ,2020,-3.48598226553262
Iraq,IQ,2019,6.74664580876131
Iraq,IQ,2018,15.1162785714327
Iraq,IQ,2017,7.95462137277485
Iraq,IQ,2016,1.29416694062961
Iraq,IQ,2015,-1.65602101285884
Iraq,IQ,2014,6.94151191976759
Iraq,IQ,2013,6.85843921497559
Iraq,IQ,2012,13.5507635163078
Iraq,IQ,2011,14.065166727563
Iraq,IQ,2010,4.68412757383414
Ireland,IE,2022,8.82777423084431
Ireland,IE,2021,12.2562799365962
Ireland,IE,2020,-6.71276262590436
Ireland,IE,2019,-20.5619614423642
Ireland,IE,2018,4.53684281424396
Ireland,IE,2017,1.64776682090383
Ireland,IE,2016,-1.19043608616156
Ireland,IE,2015,6.16611836652655
Ireland,IE,2014,2.07463267871007
Ireland,IE,2013,2.39619373553333
Ireland,IE,2012,-3.39179943405915
Ireland,IE,2011,1.1722256559786
Ireland,IE,2010,1.04496016854502
Israel,IL,2022,3.2579212324977
Israel,IL,2021,3.25881768551542
Israel,IL,2020,4.05349579705705
Israel,IL,2019,3.34369182611431
Israel,IL,2018,2.90564075690715
Israel,IL,2017,3.69664005594415
Israel,IL,2016,3.9692616530511
Israel,IL,2015,5.33085308370911
Israel,IL,2014,4.17707926335931
Israel,IL,2013,2.93007376377159
Israel,IL,2012,0.373766851279691
Israel,IL,2011,1.70078343226233
Israel,IL,2010,3.45172219043069
Italy,IT,2022,-1.5588851197709
Italy,IT,2021,2.36551166160116
Italy,IT,2020,3.9369545603398
Italy,IT,2019,3.23388196417885
Italy,IT,2018,2.57144669559437
Italy,IT,2017,2.47968309636806
Italy,IT,2016,2.46140246001819
Italy,IT,2015,1.23326652485505
Italy,IT,2014,1.70979552518119
Italy,IT,2013,1.03825599780866
Italy,IT,2012,-0.215238993496647
Italy,IT,2011,-2.74163808728921
Italy,IT,2010,-3.24412215335914
Jamaica,JM,2022,-0.797768635721277
Jamaica,JM,2021,1.01832689330442
Jamaica,JM,2020,-1.13600321037607
Jamaica,JM,2019,-1.91168616244942
Jamaica,JM,2018,-1.49278165628941
Jamaica,JM,2017,-2.68406864668736
Jamaica,JM,2016,-0.308749953750269
Jamaica,JM,2015,-3.0312415035281
Jamaica,JM,2014,-8.01738724810733
Jamaica,JM,2013,-9.51223858387756
Jamaica,JM,2012,-9.72634702774029
Jamaica,JM,2011,-14.283409237551
Jamaica,JM,2010,-7.06479945013375
Japan,JP,2022,2.1180194826945
Japan,JP,2021,3.90347308918604
Japan,JP,2020,2.96758662260168
Japan,JP,2019,3.45076611445329
Japan,JP,2018,3.51661817468288
Japan,JP,2017,4.12036966283801
Japan,JP,2016,3.93809128404803
Japan,JP,2015,3.0702796590698
Japan,JP,2014,0.742322049627637
Japan,JP,2013,0.889785415808863
Japan,JP,2012,0.958442611412041
Japan,JP,2011,2.07915328846556
Japan,JP,2010,3.83547896264376
Jordan,JO,2022,-7.82338416371671
Jordan,JO,2021,-8.0300621920483
Jordan,JO,2020,-5.73222808631066
Jordan,JO,2019,-1.73661317294453
Jordan,JO,2018,-6.83122381081
Jordan,JO,2017,-10.5575150922046
Jordan,JO,2016,-9.65551431813951
Jordan,JO,2015,-8.99211424558988
Jordan,JO,2014,-7.07786962691051
Jordan,JO,2013,-10.1695840827968
Jordan,JO,2012,-14.8926903748186
Jordan,JO,2011,-10.0122011601875
Jordan,JO,2010,-6.93580742997941
Kazakhstan,KZ,2022,2.85390106329207
Kazakhstan,KZ,2021,-1.35935671668035
Kazakhstan,KZ,2020,-6.46182057750937
Kazakhstan,KZ,2019,-3.8684220835049
Kazakhstan,KZ,2018,-0.984581633983154
Kazakhstan,KZ,2017,-2.05429721551443
Kazakhstan,KZ,2016,-5.07331546745494
Kazakhstan,KZ,2015,-5.4122312771503
Kazakhstan,KZ,2014,-1.28837366004242
Kazakhstan,KZ,2013,1.91316832797548
Kazakhstan,KZ,2012,1.26375902394522
Kazakhstan,KZ,2011,7.3030140363931
Kazakhstan,KZ,2010,1.80897140296935
Kenya,KE,2022,-5.14588548301183
Kenya,KE,2021,-5.10159025996023
Kenya,KE,2020,-3.70614438428959
Kenya,KE,2019,-5.23852935907811
Kenya,KE,2018,-5.41106679141752
Kenya,KE,2017,-6.99683322084959
Kenya,KE,2016,-5.3970086381703
Kenya,KE,2015,-6.30459656347733
Kenya,KE,2014,-9.34004850596924
Kenya,KE,2013,-7.85152228564967
Kenya,KE,2012,-7.4758716615935
Kenya,KE,2011,-8.14880935200664
Kenya,KE,2010,-5.21669389712653
Kiribati,KI,2022,-12.0081647069354
Kiribati,KI,2021,6.99903512451459
Kiribati,KI,2020,31.9457764390584
Kiribati,KI,2019,40.0111168249068
Kiribati,KI,2018,32.9466543216842
Kiribati,KI,2017,31.6324764748156
Kiribati,KI,2016,9.3087880043276
Kiribati,KI,2015,29.3632122671814
Kiribati,KI,2014,27.9829866738295
Kiribati,KI,2013,-5.02222116720326
Kiribati,KI,2012,1.74877238409007
Kiribati,KI,2011,-8.82892162135159
Kiribati,KI,2010,0.117605340174368
"Korea, Rep.",KR,2022,1.54300407564714
"Korea, Rep.",KR,2021,4.68690580624589
"Korea, Rep.",KR,2020,4.6160437677793
"Korea, Rep.",KR,2019,3.61361701036494
"Korea, Rep.",KR,2018,4.48983945461857
"Korea, Rep.",KR,2017,4.63508697043555
"Korea, Rep.",KR,2016,6.52964042316155
"Korea, Rep.",KR,2015,7.17024612402236
"Korea, Rep.",KR,2014,5.5931452840881
"Korea, Rep.",KR,2013,5.63673153341732
"Korea, Rep.",KR,2012,3.81759181803713
"Korea, Rep.",KR,2011,1.32756234709964
"Korea, Rep.",KR,2010,2.44392571528201
Kosovo,XK,2022,-10.5108858226077
Kosovo,XK,2021,-8.6934605029825
Kosovo,XK,2020,-7.01174200597718
Kosovo,XK,2019,-5.66136623459618
Kosovo,XK,2018,-7.62173638381964
Kosovo,XK,2017,-5.26348154548199
Kosovo,XK,2016,-7.93442547946963
Kosovo,XK,2015,-8.69442568888461
Kosovo,XK,2014,-7.09051727977766
Kosovo,XK,2013,-3.58059218169538
Kosovo,XK,2012,-6.16059038170407
Kosovo,XK,2011,-13.3320955733888
Kosovo,XK,2010,-12.6780403682768
Kuwait,KW,2022,34.2924461669909
Kuwait,KW,2021,23.5373149595846
Kuwait,KW,2020,19.8384588748188
Kuwait,KW,2019,21.4792265624363
Kuwait,KW,2018,17.3456575452398
Kuwait,KW,2017,6.42748123987403
Kuwait,KW,2016,0.586532843680829
Kuwait,KW,2015,7.49155630909272
Kuwait,KW,2014,33.179075850826
Kuwait,KW,2013,39.8998364643537
Kuwait,KW,2012,45.4600006723134
Kuwait,KW,2011,42.9408981177774
Kuwait,KW,2010,32.048537015334
Kyrgyz Republic,KG,2022,-42.683633961771
Kyrgyz Republic,KG,2021,-7.97583742281609
Kyrgyz Republic,KG,2020,4.52522127933728
Kyrgyz Republic,KG,2019,-11.3840798908834
Kyrgyz Republic,KG,2018,-11.6275560440076
Kyrgyz Republic,KG,2017,-6.95269622627314
Kyrgyz Republic,KG,2016,-11.628233310749
Kyrgyz Republic,KG,2015,-15.7592478411185
Kyrgyz Republic,KG,2014,-17.4244156605429
Kyrgyz Republic,KG,2013,-13.7754189892496
Kyrgyz Republic,KG,2012,-15.5252325924145
Kyrgyz Republic,KG,2011,-7.69730261933363
Kyrgyz Republic,KG,2010,-9.89833859355209
Lao PDR,LA,2022,-2.96567805589965
Lao PDR,LA,2021,2.29262780940357
Lao PDR,LA,2020,-1.60378619154944
Lao PDR,LA,2019,-7.04124343564555
Lao PDR,LA,2018,-9.08923603390857
Lao PDR,LA,2017,-7.37970657985854
Lao PDR,LA,2016,-8.70224068894505
Lao PDR,LA,2015,-15.7184889292204
Lao PDR,LA,2014,-14.4922715355557
Lao PDR,LA,2013,-7.81092232090561
Lao PDR,LA,2012,-7.31300411617256
Lao PDR,LA,2011,-2.35798203498442
Lao PDR,LA,2010,0.410966616116085
Latvia,LV,2022,-5.4769655564334
Latvia,LV,2021,-4.13624329026991
Latvia,LV,2020,3.09270300452461
Latvia,LV,2019,-0.173662933662394
Latvia,LV,2018,-0.384114199278582
Latvia,LV,2017,1.53282603585066
Latvia,LV,2016,1.75657365769608
Latvia,LV,2015,-0.126358311809163
Latvia,LV,2014,-1.54126838976541
Latvia,LV,2013,-2.8855289884358
Latvia,LV,2012,-3.86974112964083
Latvia,LV,2011,-3.55024462389465
Latvia,LV,2010,1.75850166439734
Lebanon,LB,2022,-34.606227109401
Lebanon,LB,2021,-19.6978128626341
Lebanon,LB,2020,-8.76184199911137
Lebanon,LB,2019,-21.828092491848
Lebanon,LB,2018,-24.3470417876755
Lebanon,LB,2017,-22.8822040339123
Lebanon,LB,2016,-20.4780237123596
Lebanon,LB,2015,-17.1077378092157
Lebanon,LB,2014,-26.2298655609816
Lebanon,LB,2013,-25.5114319532074
Lebanon,LB,2012,-23.4382140171445
Lebanon,LB,2011,-13.8340690487529
Lebanon,LB,2010,-19.6443379596193
Lesotho,LS,2022,-11.4187592679775
Lesotho,LS,2021,-8.12794759731639
Lesotho,LS,2020,-5.89018409974701
Lesotho,LS,2019,-7.45753439541607
Lesotho,LS,2018,-5.62372777156263
Lesotho,LS,2017,-9.01074725417763
Lesotho,LS,2016,-10.5017567713342
Lesotho,LS,2015,-5.73228396984582
Lesotho,LS,2014,-8.42016664486882
Lesotho,LS,2013,-10.7579867652524
Lesotho,LS,2012,-18.765252030753
Lesotho,LS,2011,-11.8566683946226
Lesotho,LS,2010,-11.0020417569816
Liberia,LR,2022,1.61973328165346
Liberia,LR,2021,-2.89623383635124
Liberia,LR,2020,-8.65744008690813
Liberia,LR,2019,-19.6832166735006
Liberia,LR,2018,-19.6944373252366
Liberia,LR,2017,-16.6798323783013
Liberia,LR,2016,-8.12261279894881
Liberia,LR,2015,5.3024253714189
Liberia,LR,2014,-19.9198359881725
Liberia,LR,2013,-32.8209688370026
Liberia,LR,2012,-59.9955509928998
Liberia,LR,2011,-52.4853470186806
Liberia,LR,2010,-42.7136316998038
Libya,LY,2021,16.1147728474926
Libya,LY,2020,-10.2022684905863
Libya,LY,2019,6.95550505080755
Libya,LY,2018,14.7041123833162
Libya,LY,2017,6.59107791644499
Libya,LY,2016,-9.42697758493981
Libya,LY,2015,-19.1840709119308
Libya,LY,2014,-33.1750366593745
Libya,LY,2013,0.0127403569483039
Libya,LY,2012,25.7575733312092
Libya,LY,2011,6.62746278785412
Libya,LY,2010,22.2877634810811
Lithuania,LT,2022,-6.08497389220301
Lithuania,LT,2021,1.46940668521304
Lithuania,LT,2020,7.22470104088845
Lithuania,LT,2019,3.73752991159912
Lithuania,LT,2018,0.309996924920131
Lithuania,LT,2017,1.08697261761581
Lithuania,LT,2016,-1.01460897973493
Lithuania,LT,2015,-2.51745557937896
Lithuania,LT,2014,3.54699194706827
Lithuania,LT,2013,1.70747298429575
Lithuania,LT,2012,-1.606838534778
Lithuania,LT,2011,-3.68690525403636
Lithuania,LT,2010,0.197960453991681
Luxembourg,LU,2022,9.19738675468933
Luxembourg,LU,2021,6.53591622323811
Luxembourg,LU,2020,5.09743603704197
Luxembourg,LU,2019,8.61852198736833
Luxembourg,LU,2018,8.3299045617089
Luxembourg,LU,2017,6.18033427082303
Luxembourg,LU,2016,7.41517069613731
Luxembourg,LU,2015,5.62139533101291
Luxembourg,LU,2014,4.92857348332843
Luxembourg,LU,2013,5.20354851275535
Luxembourg,LU,2012,5.2554249641521
Luxembourg,LU,2011,5.62953573207791
Luxembourg,LU,2010,5.81430386608805
"Macao SAR, China",MO,2022,13.9036281389184
"Macao SAR, China",MO,2021,8.73438488550019
"Macao SAR, China",MO,2020,14.8052095304859
"Macao SAR, China",MO,2019,33.5424094908753
"Macao SAR, China",MO,2018,32.8784909153601
"Macao SAR, China",MO,2017,30.7652133101259
"Macao SAR, China",MO,2016,26.523420918983
"Macao SAR, China",MO,2015,23.3424523380083
"Macao SAR, China",MO,2014,32.7057408345899
"Macao SAR, China",MO,2013,39.3349948333647
"Macao SAR, China",MO,2012,38.8337558786495
"Macao SAR, China",MO,2011,40.3805212331346
"Macao SAR, China",MO,2010,38.9198611748692
Madagascar,MG,2022,-5.47996370230454
Madagascar,MG,2021,-4.96025397424559
Madagascar,MG,2020,-4.7784229274215
Madagascar,MG,2019,-2.13564971662682
Madagascar,MG,2018,0.712560880258365
Madagascar,MG,2017,-0.228589799383039
Madagascar,MG,2016,0.378142575318561
Madagascar,MG,2015,-2.25941841339224
Madagascar,MG,2014,-0.649123766588139
Madagascar,MG,2013,-6.50549854289754
Madagascar,MG,2012,-7.46271017824129
Madagascar,MG,2011,-6.7277511440997
Madagascar,MG,2010,-8.94853617133511
Malawi,MW,2022,-17.8461868521848
Malawi,MW,2021,-15.492249323196
Malawi,MW,2020,-13.9233224686156
Malawi,MW,2019,-11.953204223662
Malawi,MW,2018,-17.2586885571347
Malawi,MW,2017,-17.4208707671145
Malawi,MW,2016,-12.7134008077219
Malawi,MW,2015,-11.5453760878876
Malawi,MW,2014,-12.8223513014995
Malawi,MW,2013,-15.3915920767632
Malawi,MW,2012,-8.48798044395288
Malawi,MW,2011,-9.75872117783752
Malawi,MW,2010,-9.57007930375057
Malaysia,MY,2022,3.12519285726352
Malaysia,MY,2021,3.87747670667502
Malaysia,MY,2020,4.18956779359845
Malaysia,MY,2019,3.5038866968342
Malaysia,MY,2018,2.23708206947011
Malaysia,MY,2017,2.807870911226
Malaysia,MY,2016,2.36768591329055
Malaysia,MY,2015,3.00891850128321
Malaysia,MY,2014,4.39159166153878
Malaysia,MY,2013,3.46614353655814
Malaysia,MY,2012,5.18877994987762
Malaysia,MY,2011,10.905001967915
Malaysia,MY,2010,10.0556778509323
Maldives,MV,2022,-16.8682109628804
Maldives,MV,2021,-8.63308174559145
Maldives,MV,2020,-35.7483018974442
Maldives,MV,2019,-25.8168822522057
Maldives,MV,2018,-27.8019976962882
Maldives,MV,2017,-21.267761433937
Maldives,MV,2016,-23.4109557277276
Maldives,MV,2015,-7.30588031911147
Maldives,MV,2014,-3.18665825232612
Maldives,MV,2013,-3.86626742586717
Maldives,MV,2012,-6.3922910977274
Maldives,MV,2011,-13.8208553363039
Maldives,MV,2010,-7.57604640472633
Mali,ML,2022,-7.85624060016223
Mali,ML,2021,-7.6051876049087
Mali,ML,2020,-2.17391657299105
Mali,ML,2019,-7.45796271471238
Mali,ML,2018,-4.89872553380078
Mali,ML,2017,-7.89367012414417
Mali,ML,2016,-7.24251138198572
Mali,ML,2015,-5.32405567352504
Mali,ML,2014,-4.71102385314756
Mali,ML,2013,-2.83017478710356
Mali,ML,2012,-2.19137218098702
Mali,ML,2011,-5.05796197481615
Mali,ML,2010,-11.1430666856707
Malta,MT,2022,-0.872518136261447
Malta,MT,2021,9.35025700944488
Malta,MT,2020,16.1164990939613
Malta,MT,2019,17.8499331598587
Malta,MT,2018,13.3484161587894
Malta,MT,2017,19.1577413621011
Malta,MT,2016,-0.551812269317061
Malta,MT,2015,2.65010086231415
Malta,MT,2014,8.34223890375466
Malta,MT,2013,2.50365373946711
Malta,MT,2012,1.57359476452895
Malta,MT,2011,-0.132890972924924
Malta,MT,2010,-4.61361469945718
Marshall Islands,MH,2021,29.4564732703934
Marshall Islands,MH,2020,37.3371142778297
Marshall Islands,MH,2019,36.9827881728596
Marshall Islands,MH,2018,24.1051166048242
Marshall Islands,MH,2017,6.04608391648484
Marshall Islands,MH,2016,-8.03419828647661
Marshall Islands,MH,2015,-3.82810868960235
Marshall Islands,MH,2014,-2.6233164365833
Marshall Islands,MH,2013,-15.5136760481559
Marshall Islands,MH,2012,-10.853093241824
Marshall Islands,MH,2011,-3.35417720964158
Marshall Islands,MH,2010,-8.90157593664854
Mauritania,MR,2022,-14.8995650002897
Mauritania,MR,2021,-8.75965093399859
Mauritania,MR,2020,-6.97484998771505
Mauritania,MR,2019,-10.5273103616245
Mauritania,MR,2018,-13.0177274187857
Mauritania,MR,2017,-10.4262723627796
Mauritania,MR,2016,-11.0456852081297
Mauritania,MR,2015,-15.5013464565918
Mauritania,MR,2014,-22.3452375422524
Mauritania,MR,2013,-17.4684556266355
Mauritania,MR,2012,-18.223160371795
Mauritius,MU,2022,-11.1140662620035
Mauritius,MU,2021,-13.0319974912817
Mauritius,MU,2020,-8.78947144116732
Mauritius,MU,2019,-4.97698958833493
Mauritius,MU,2018,-3.76903120298371
Mauritius,MU,2017,-4.46441191248389
Mauritius,MU,2016,-3.90142490101587
Mauritius,MU,2015,-3.47276014053665
Mauritius,MU,2014,-5.27783309373618
Mauritius,MU,2013,-6.10328682706151
Mauritius,MU,2012,-7.09172688122855
Mauritius,MU,2011,-13.5461288550227
Mauritius,MU,2010,-10.0540447638357
Mexico,MX,2022,-1.20188858644509
Mexico,MX,2021,-0.341323111758756
Mexico,MX,2020,2.39997618948584
Mexico,MX,2019,-0.296844402091808
Mexico,MX,2018,-2.06414074457574
Mexico,MX,2017,-1.79746290774801
Mexico,MX,2016,-2.27311198277187
Mexico,MX,2015,-2.59917628210589
Mexico,MX,2014,-1.82131927662925
Mexico,MX,2013,-2.39396960197863
Mexico,MX,2012,-1.40984864750597
Mexico,MX,2011,-0.857892612318958
Mexico,MX,2010,-0.339592498650935
"Micronesia, Fed. Sts.",FM,2014,7.01835931333612
"Micronesia, Fed. Sts.",FM,2013,-0.685151745948481
"Micronesia, Fed. Sts.",FM,2012,-7.28256521721859
"Micronesia, Fed. Sts.",FM,2011,-14.2053237117959
"Micronesia, Fed. Sts.",FM,2010,-8.27519388329319
Moldova,MD,2022,-17.1069335842635
Moldova,MD,2021,-12.4095546577967
Moldova,MD,2020,-7.6900486921726
Moldova,MD,2019,-9.42148010949479
Moldova,MD,2018,-10.7699247852566
Moldova,MD,2017,-5.8373598499054
Moldova,MD,2016,-3.61387040187985
Moldova,MD,2015,-5.93562136370789
Moldova,MD,2014,-6.04440067766107
Moldova,MD,2013,-5.16294162285186
Moldova,MD,2012,-7.39016827021289
Moldova,MD,2011,-10.1250094571942
Moldova,MD,2010,-6.90279523078091
Mongolia,MN,2022,-13.4342448059604
Mongolia,MN,2021,-13.7928750935516
Mongolia,MN,2020,-5.06732429872457
Mongolia,MN,2019,-15.2163324376399
Mongolia,MN,2018,-14.4368935873352
Mongolia,MN,2017,-10.0640976839599
Mongolia,MN,2016,-6.25748206242188
Mongolia,MN,2015,-8.16234225533353
Mongolia,MN,2014,-15.8208781709903
Mongolia,MN,2013,-37.6076656283991
Mongolia,MN,2012,-43.7712346792978
Mongolia,MN,2011,-43.3455193285101
Mongolia,MN,2010,-12.3162160595433
Montenegro,ME,2022,-13.1281582011878
Montenegro,ME,2021,-9.2332691434238
Montenegro,ME,2020,-25.9335027097551
Montenegro,ME,2019,-14.3566693575483
Montenegro,ME,2018,-17.124414916804
Montenegro,ME,2017,-15.6778556675142
Montenegro,ME,2016,-16.1640057366555
Montenegro,ME,2015,-10.9289242728137
Montenegro,ME,2014,-12.4174302295561
Montenegro,ME,2013,-11.4522927124799
Montenegro,ME,2012,-15.624667372656
Montenegro,ME,2011,-14.6274128082021
Montenegro,ME,2010,-20.5662845364964
Morocco,MA,2022,-3.66568548335361
Morocco,MA,2021,-2.35786783699057
Morocco,MA,2020,-1.1275993199651
Morocco,MA,2019,-3.4182057355437
Morocco,MA,2018,-4.87290163435469
Morocco,MA,2017,-3.10210665362038
Morocco,MA,2016,-3.74613174513
Morocco,MA,2015,-1.95690775142638
Morocco,MA,2014,-5.53783287947429
Morocco,MA,2013,-6.77731894447504
Morocco,MA,2012,-8.95034696939186
Morocco,MA,2011,-7.26703537698178
Morocco,MA,2010,-3.89149487244855
Mozambique,MZ,2022,-33.7160091783462
Mozambique,MZ,2021,-21.1927915856731
Mozambique,MZ,2020,-24.9913481328696
Mozambique,MZ,2019,-16.0764477598265
Mozambique,MZ,2018,-29.4674796418232
Mozambique,MZ,2017,-17.9387522356553
Mozambique,MZ,2016,-33.6916062672094
Mozambique,MZ,2015,-36.6947715334654
Mozambique,MZ,2014,-32.2453333565598
Mozambique,MZ,2013,-36.3613191591472
Mozambique,MZ,2012,-40.6875061700663
Mozambique,MZ,2011,-22.7703546509242
Mozambique,MZ,2010,-14.7165826342636
Myanmar,MM,2019,0.0902156578672671
Myanmar,MM,2018,-3.77415133315681
Myanmar,MM,2017,-7.44369978642156
Myanmar,MM,2016,-3.03174958632843
Myanmar,MM,2015,-5.21601722230963
Myanmar,MM,2014,-3.78673335196155
Myanmar,MM,2013,-0.644739708349136
Myanmar,MM,2012,-2.1015900196755
Myanmar,MM,2011,-2.60285417206877
Myanmar,MM,2010,3.17749475847855
Namibia,NA,2022,-12.8152208955281
Namibia,NA,2021,-11.230237845488
Namibia,NA,2020,2.98724582177764
Namibia,NA,2019,-1.76497330612085
Namibia,NA,2018,-3.55152146428618
Namibia,NA,2017,-4.42059051747783
Namibia,NA,2016,-16.4970881327639
Namibia,NA,2015,-13.7578944670231
Namibia,NA,2014,-9.42886877840748
Namibia,NA,2013,-8.23764757879194
Namibia,NA,2012,-8.58334513038749
Namibia,NA,2011,-6.84779731737787
Namibia,NA,2010,-3.92244710726353
Nauru,NR,2022,1.8912535139693
Nauru,NR,2021,3.75845295029461
Nauru,NR,2020,2.59589265142634
Nauru,NR,2019,4.47675032899806
Nauru,NR,2018,7.32942552169986
Nauru,NR,2017,12.961263318691
Nauru,NR,2016,2.13759732718368
Nauru,NR,2015,-19.7926487086071
Nauru,NR,2014,26.3583785058955
Nauru,NR,2013,48.5829941527655
Nauru,NR,2012,34.5869703159003
Nauru,NR,2011,30.1939047718241
Nauru,NR,2010,49.7848772152702
Nepal,NP,2022,-7.49867255763833
Nepal,NP,2021,-14.5240163530398
Nepal,NP,2020,-0.251653542060189
Nepal,NP,2019,-5.12963069016168
Nepal,NP,2018,-8.30080510271616
Nepal,NP,2017,-3.56432924017779
Nepal,NP,2016,-0.68434663855188
Nepal,NP,2015,10.0433083922087
Nepal,NP,2014,2.18298241690426
Nepal,NP,2013,5.23137372695533
Nepal,NP,2012,2.66070688066427
Nepal,NP,2011,1.33775079697372
Nepal,NP,2010,-0.797465992929109
Netherlands,NL,2022,6.65774559718475
Netherlands,NL,2021,10.0468874909398
Netherlands,NL,2020,5.61802810313741
Netherlands,NL,2019,6.83928934055718
Netherlands,NL,2018,8.97983331472266
Netherlands,NL,2017,8.12817028557607
Netherlands,NL,2016,7.27492902578538
Netherlands,NL,2015,4.9187157948109
Netherlands,NL,2014,8.85180304004638
Netherlands,NL,2013,8.37547933230026
Netherlands,NL,2012,7.82619576758532
Netherlands,NL,2011,7.22308776759068
Netherlands,NL,2010,6.62577458654035
New Caledonia,NC,2016,-7.49878946256032
New Caledonia,NC,2015,-12.8101852123627
New Caledonia,NC,2014,-12.2281865063866
New Caledonia,NC,2013,-17.7669952366321
New Caledonia,NC,2012,-20.0199924731485
New Caledonia,NC,2011,-13.4437447217601
New Caledonia,NC,2010,-14.5218511333909
New Zealand,NZ,2022,-8.76545636261221
New Zealand,NZ,2021,-5.83652013150899
New Zealand,NZ,2020,-1.12865212882116
New Zealand,NZ,2019,-2.79306502128914
New Zealand,NZ,2018,-4.04821394261566
New Zealand,NZ,2017,-2.80906760923629
New Zealand,NZ,2016,-2.12609804081912
New Zealand,NZ,2015,-2.6179752290053
New Zealand,NZ,2014,-3.0912993181172
New Zealand,NZ,2013,-3.05741153614488
New Zealand,NZ,2012,-3.90856098118256
New Zealand,NZ,2011,-2.8657021926417
New Zealand,NZ,2010,-2.34059485272367
Nicaragua,NI,2022,-2.47222072522306
Nicaragua,NI,2021,-3.82407049684088
Nicaragua,NI,2020,3.70695448310772
Nicaragua,NI,2019,5.93824934608707
Nicaragua,NI,2018,-1.79728045766792
Nicaragua,NI,2017,-7.16020184439183
Nicaragua,NI,2016,-8.48330139890493
Nicaragua,NI,2015,-9.87325426365583
Nicaragua,NI,2014,-8.02832630350546
Nicaragua,NI,2013,-12.5685667665946
Nicaragua,NI,2012,-11.7242906566647
Nicaragua,NI,2011,-11.9077335594988
Nicaragua,NI,2010,-8.87473406412904
Niger,NE,2022,-16.1987356727326
Niger,NE,2021,-14.0736964853201
Niger,NE,2020,-13.2104717583835
Niger,NE,2019,-12.1993364507939
Niger,NE,2018,-12.6586015970767
Niger,NE,2017,-11.3934461122487
Niger,NE,2016,-11.3633579890889
Niger,NE,2015,-15.3473430526611
Niger,NE,2014,-12.0310951996373
Niger,NE,2013,-11.2529264462121
Niger,NE,2012,-10.8373796125038
Niger,NE,2011,-16.3335422488129
Niger,NE,2010,-14.4829041887519
Nigeria,NG,2022,0.213362293998091
Nigeria,NG,2021,-0.738183955457954
Nigeria,NG,2020,-3.69874324007746
Nigeria,NG,2019,-2.88402835896401
Nigeria,NG,2018,1.72693303668361
Nigeria,NG,2017,3.60982550121523
Nigeria,NG,2016,1.25472098152786
Nigeria,NG,2015,-3.13140101186134
Nigeria,NG,2014,0.157882534299197
Nigeria,NG,2013,3.66244030371784
Nigeria,NG,2012,3.7446896447893
Nigeria,NG,2011,2.57400123356654
Nigeria,NG,2010,3.57264829109627
North Macedonia,MK,2022,-6.23699171036603
North Macedonia,MK,2021,-2.67744223538636
North Macedonia,MK,2020,-2.91596537662612
North Macedonia,MK,2019,-2.98648910497823
North Macedonia,MK,2018,0.143273398779884
North Macedonia,MK,2017,-0.586294696197347
North Macedonia,MK,2016,-2.66389921940311
North Macedonia,MK,2015,-1.71222694530355
North Macedonia,MK,2014,-0.481713137157683
North Macedonia,MK,2013,-1.63764033882168
North Macedonia,MK,2012,-3.27478423718895
North Macedonia,MK,2011,-2.49367551945885
North Macedonia,MK,2010,-2.10791254447937
Norway,NO,2022,28.7529564185732
Norway,NO,2021,14.8001387979332
Norway,NO,2020,1.14557292891118
Norway,NO,2019,2.91600859889184
Norway,NO,2018,7.94959431636822
Norway,NO,2017,5.38896566318335
Norway,NO,2016,3.98049523650322
Norway,NO,2015,8.01360708862408
Norway,NO,2014,10.954886718139
Norway,NO,2013,10.1612781853655
Norway,NO,2012,12.3837606139974
Norway,NO,2011,13.254644393537
Norway,NO,2010,11.6594077914656
Oman,OM,2022,3.89667138645212
Oman,OM,2021,-5.53764911438882
Oman,OM,2020,-16.5486765828436
Oman,OM,2019,-4.9181886997824
Oman,OM,2018,-4.87333794620046
Oman,OM,2017,-13.6143943671899
Oman,OM,2016,-16.5548466336002
Oman,OM,2015,-13.7629351868833
Oman,OM,2014,4.62995815380301
Oman,OM,2013,5.87992091672239
Oman,OM,2012,8.99068507231773
Oman,OM,2011,11.4435714770699
Oman,OM,2010,7.59476361744698
Pakistan,PK,2022,-3.25858181478804
Pakistan,PK,2021,-3.52439577565177
Pakistan,PK,2020,-0.216650637871501
Pakistan,PK,2019,-2.66677325730292
Pakistan,PK,2018,-5.29556175645778
Pakistan,PK,2017,-4.76985760466006
Pakistan,PK,2016,-2.29279660651385
Pakistan,PK,2015,-0.934446742353906
Pakistan,PK,2014,-1.34787339235798
Pakistan,PK,2013,-1.70727876868057
Pakistan,PK,2012,-0.936399348037174
Pakistan,PK,2011,-0.957124213324854
Pakistan,PK,2010,-0.688324235118166
Palau,PW,2022,-52.9862033027857
Palau,PW,2021,-49.0933502542983
Palau,PW,2020,-44.638643716531
Palau,PW,2019,-29.7402054725436
Palau,PW,2018,-18.778963210083
Palau,PW,2017,-23.4170168067227
Palau,PW,2016,-16.5699316346181
Palau,PW,2015,-8.69575927867609
Palau,PW,2014,-19.9022950383968
Palau,PW,2013,-12.9629960003294
Palau,PW,2012,-15.9825116313334
Palau,PW,2011,-12.743853807435
Palau,PW,2010,-9.92627534071103
Panama,PA,2022,-0.622928866140088
Panama,PA,2021,-1.1555200892392
Panama,PA,2020,0.675537934000576
Panama,PA,2019,-5.05023173163902
Panama,PA,2018,-7.884192985624
Panama,PA,2017,-5.82244596474605
Panama,PA,2016,-7.54284607111912
Panama,PA,2015,-8.69390485131528
Panama,PA,2014,-12.9838146887401
Panama,PA,2013,-8.69870883492861
Panama,PA,2012,-8.97959013521379
Panama,PA,2011,-12.6581291367517
Panama,PA,2010,-10.3251596675923
Papua New Guinea,PG,2022,14.4322078264296
Papua New Guinea,PG,2021,12.5772553471443
Papua New Guinea,PG,2020,14.3372352654053
Papua New Guinea,PG,2019,14.3799231035246
Papua New Guinea,PG,2018,13.6302697156748
Papua New Guinea,PG,2017,15.9024612947226
Papua New Guinea,PG,2016,13.6287612457148
Papua New Guinea,PG,2015,11.2064023719229
Papua New Guinea,PG,2014,12.1393177239905
Papua New Guinea,PG,2013,-16.2256819496775
Papua New Guinea,PG,2012,-10.7881600289653
Papua New Guinea,PG,2011,-1.10018483437862
Papua New Guinea,PG,2010,-4.50849152932172
Paraguay,PY,2022,-7.15542769879496
Paraguay,PY,2021,-1.10846909700613
Paraguay,PY,2020,1.87300921514449
Paraguay,PY,2019,-0.577796386359664
Paraguay,PY,2018,-0.232847914321805
Paraguay,PY,2017,3.35657585005266
Paraguay,PY,2016,4.60142654296843
Paraguay,PY,2015,-0.211443868847551
Paraguay,PY,2014,-0.786984268884853
Paraguay,PY,2013,0.869670699189852
Paraguay,PY,2012,-1.8192171071173
Paraguay,PY,2011,-0.677611879362919
Paraguay,PY,2010,-1.13186238216126
Peru,PE,2022,-3.9528164279387
Peru,PE,2021,-2.06502617018971
Peru,PE,2020,0.938341730002029
Peru,PE,2019,-0.623492995809212
Peru,PE,2018,-1.17201548545427
Peru,PE,2017,-0.857819433900692
Peru,PE,2016,-2.20406789294844
Peru,PE,2015,-4.60845775233445
Peru,PE,2014,-4.2824745585632
Peru,PE,2013,-4.7657988022505
Peru,PE,2012,-2.79147705040979
Peru,PE,2011,-1.96422212136988
Peru,PE,2010,-2.41611244249563
Philippines,PH,2022,-4.51605763317135
Philippines,PH,2021,-1.50797765976295
Philippines,PH,2020,3.20065009232564
Philippines,PH,2019,-0.808557862517338
Philippines,PH,2018,-2.55939306315271
Philippines,PH,2017,-0.652387929430577
Philippines,PH,2016,-0.376262661570348
Philippines,PH,2015,2.37094985952193
Philippines,PH,2014,3.61563913350118
Philippines,PH,2013,4.00964958379015
Philippines,PH,2012,2.65327822076163
Philippines,PH,2011,2.40919069908821
Philippines,PH,2010,3.44540917722718
Poland,PL,2022,-2.27455866454271
Poland,PL,2021,-1.30156521580162
Poland,PL,2020,2.39835922164097
Poland,PL,2019,-0.272945793712772
Poland,PL,2018,-1.96597240687912
Poland,PL,2017,-1.18631982461877
Poland,PL,2016,-1.06875807090352
Poland,PL,2015,-1.3254755565429
Poland,PL,2014,-2.97288032663133
Poland,PL,2013,-1.98155143805472
Poland,PL,2012,-4.11182485634079
Poland,PL,2011,-5.11055687403888
Poland,PL,2010,-5.16657584018312
Portugal,PT,2022,-2.08477768135412
Portugal,PT,2021,-0.672210743652409
Portugal,PT,2020,-0.629832722737585
Portugal,PT,2019,0.765771121812592
Portugal,PT,2018,0.7276825303456
Portugal,PT,2017,1.56389644169824
Portugal,PT,2016,1.42555528145605
Portugal,PT,2015,0.508297093307308
Portugal,PT,2014,0.315317528197346
Portugal,PT,2013,1.53973827822347
Portugal,PT,2012,-1.52721549957903
Portugal,PT,2011,-6.11854777822696
Portugal,PT,2010,-10.2611634070617
Qatar,QA,2022,26.7778361985376
Qatar,QA,2021,14.6435967830201
Qatar,QA,2020,-2.06750647355623
Qatar,QA,2019,2.41529709782418
Qatar,QA,2018,9.08293669883969
Qatar,QA,2017,3.98856887721847
Qatar,QA,2016,-5.45006694867961
Qatar,QA,2015,8.50181028353526
Qatar,QA,2014,23.9592611415734
Qatar,QA,2013,30.4240457483909
Qatar,QA,2012,33.1847245628586
Qatar,QA,2011,31.0675119241216
Romania,RO,2022,-9.22066575659504
Romania,RO,2021,-7.17641506065995
Romania,RO,2020,-5.11170596373103
Romania,RO,2019,-4.83888471153027
Romania,RO,2018,-4.57574630656688
Romania,RO,2017,-3.19415712159883
Romania,RO,2016,-2.10324885883263
Romania,RO,2015,-0.637491637323504
Romania,RO,2014,-0.341464408053706
Romania,RO,2013,-1.13746709997941
Romania,RO,2012,-4.5780429237629
Romania,RO,2011,-4.81588301986923
Romania,RO,2010,-4.98543687917279
Russian Federation,RU,2022,10.4912490569379
Russian Federation,RU,2021,6.77842857565971
Russian Federation,RU,2020,2.36911533657246
Russian Federation,RU,2019,3.87612476973049
Russian Federation,RU,2018,6.97989872935135
Russian Federation,RU,2017,2.04412673615753
Russian Federation,RU,2016,1.91643731021353
Russian Federation,RU,2015,4.97088857375125
Russian Federation,RU,2014,2.79290979175164
Russian Federation,RU,2013,1.45817388483059
Russian Federation,RU,2012,3.22793090052757
Russian Federation,RU,2011,4.75452652542426
Russian Federation,RU,2010,4.4233366535099
Rwanda,RW,2022,-9.36031324294925
Rwanda,RW,2021,-10.924027530399
Rwanda,RW,2020,-12.064812216896
Rwanda,RW,2019,-11.8932236858243
Rwanda,RW,2018,-10.114250948548
Rwanda,RW,2017,-9.46048131401367
Rwanda,RW,2016,-15.3051258052923
Rwanda,RW,2015,-12.6837777141814
Rwanda,RW,2014,-11.3438930759343
Rwanda,RW,2013,-7.48220361390479
Rwanda,RW,2012,-9.68045775900612
Rwanda,RW,2011,-6.92834416704242
Rwanda,RW,2010,-6.51687014325837
Samoa,WS,2022,-8.89697504523242
Samoa,WS,2021,-13.5611890300086
Samoa,WS,2020,-8.71582198203278
Samoa,WS,2019,3.73223650537796
Samoa,WS,2018,2.68908513860988
Samoa,WS,2017,-1.07027554451417
Samoa,WS,2016,-4.5540235736258
Samoa,WS,2015,-1.54215771746014
Samoa,WS,2014,-5.83183311325534
Samoa,WS,2013,-5.60710703051041
Samoa,WS,2012,-0.996591960794168
Samoa,WS,2011,-10.9186849756524
Samoa,WS,2010,-9.04869884205239
San Marino,SM,2022,15.5187024540628
San Marino,SM,2021,5.39603170026162
San Marino,SM,2020,2.7823596967632
San Marino,SM,2019,2.03446629723337
San Marino,SM,2018,-1.8872752884789
San Marino,SM,2017,-0.391282695967683
Sao Tome and Principe,ST,2022,-14.688595567935
Sao Tome and Principe,ST,2021,-18.1632158527971
Sao Tome and Principe,ST,2020,-12.64674361519
Sao Tome and Principe,ST,2019,-21.799320591176
Sao Tome and Principe,ST,2018,-19.5798259962622
Sao Tome and Principe,ST,2017,-22.7156290253769
Sao Tome and Principe,ST,2016,-21.0403152023302
Sao Tome and Principe,ST,2015,-26.4207009685278
Sao Tome and Principe,ST,2014,-35.4587784381715
Sao Tome and Principe,ST,2013,-30.4299465368537
Sao Tome and Principe,ST,2012,-43.1048517717609
Sao Tome and Principe,ST,2011,-46.7031436146436
Sao Tome and Principe,ST,2010,-46.0873607998782
Saudi Arabia,SA,2022,13.5628144844014
Saudi Arabia,SA,2021,4.63688719545091
Saudi Arabia,SA,2020,-3.47926474073661
Saudi Arabia,SA,2019,4.58535509505622
Saudi Arabia,SA,2018,8.61769056124221
Saudi Arabia,SA,2017,1.69587571441748
Saudi Arabia,SA,2016,-3.67180807394518
Saudi Arabia,SA,2015,-7.86281622610283
Saudi Arabia,SA,2014,10.4695042638399
Saudi Arabia,SA,2013,18.9779926660548
Saudi Arabia,SA,2012,23.4095849519027
Saudi Arabia,SA,2011,24.383882084584
Saudi Arabia,SA,2010,14.0881886013289
Senegal,SN,2022,-20.0668972619486
Senegal,SN,2021,-12.0900482268387
Senegal,SN,2020,-10.8532305243561
Senegal,SN,2019,-8.10949609772066
Senegal,SN,2018,-9.58292425612148
Senegal,SN,2017,-7.26914082739769
Senegal,SN,2016,-4.178756111634
Senegal,SN,2015,-5.31619475400192
Senegal,SN,2014,-6.80294523804886
Senegal,SN,2013,-8.19227245767784
Senegal,SN,2012,-8.65191854670285
Senegal,SN,2011,-6.44529936745546
Senegal,SN,2010,-3.65650876220736
Serbia,RS,2022,-6.67240065379081
Serbia,RS,2021,-4.01208394283306
Serbia,RS,2020,-3.89586001943546
Serbia,RS,2019,-6.56331526088246
Serbia,RS,2018,-4.65847286841161
Serbia,RS,2017,-5.05239948291626
Serbia,RS,2016,-2.81825710129299
Serbia,RS,2015,-3.31781960336985
Serbia,RS,2014,-5.36439658261537
Serbia,RS,2013,-5.53788697865576
Serbia,RS,2012,-10.4794350040675
Serbia,RS,2011,-9.92802601945114
Serbia,RS,2010,-6.18385847336539
Seychelles,SC,2022,-6.88290172207539
Seychelles,SC,2021,-10.7699576448461
Seychelles,SC,2020,-12.5301883307748
Seychelles,SC,2019,-2.842387489846
Seychelles,SC,2018,-2.34133369670356
Seychelles,SC,2017,-2.20368065340164
Seychelles,SC,2016,-2.61384777681389
Seychelles,SC,2015,-17.8847188907867
Seychelles,SC,2014,-22.3701856914691
Seychelles,SC,2013,-11.8972428115469
Seychelles,SC,2012,-14.8074270420075
Seychelles,SC,2011,-28.452136390485
Seychelles,SC,2010,-21.8405252938197
Sierra Leone,SL,2022,-6.35040642174422
Sierra Leone,SL,2021,-7.29657128553341
Sierra Leone,SL,2020,-5.83703102745449
Sierra Leone,SL,2019,-7.78800790188033
Sierra Leone,SL,2018,-9.25504556429235
Sierra Leone,SL,2017,-11.680321040579
Sierra Leone,SL,2016,-4.86340760211655
Sierra Leone,SL,2015,-15.0801915545255
Sierra Leone,SL,2014,-6.02552076426269
Sierra Leone,SL,2013,-9.5762775850755
Sierra Leone,SL,2012,-20.4162828250865
Sierra Leone,SL,2011,-41.7151434822152
Sierra Leone,SL,2010,-14.5122684691414
Singapore,SG,2022,18.8115123045876
Singapore,SG,2021,19.9108522556576
Singapore,SG,2020,17.4848519172132
Singapore,SG,2019,15.3540131622503
Singapore,SG,2018,15.7021310963339
Singapore,SG,2017,18.6260950135482
Singapore,SG,2016,18.0392463471499
Singapore,SG,2015,18.6930222903094
Singapore,SG,2014,17.9502135491878
Singapore,SG,2013,15.707187590209
Singapore,SG,2012,17.6432739045995
Singapore,SG,2011,22.2184518342372
Singapore,SG,2010,22.9333472183785
Sint Maarten (Dutch part),SX,2022,-3.70725232653415
Sint Maarten (Dutch part),SX,2021,-23.0189555338875
Sint Maarten (Dutch part),SX,2020,-23.4917218241245
Sint Maarten (Dutch part),SX,2019,-11.7225151374585
Sint Maarten (Dutch part),SX,2018,5.93015272305455
Sint Maarten (Dutch part),SX,2017,3.48114676740387
Sint Maarten (Dutch part),SX,2016,-1.86269692206363
Sint Maarten (Dutch part),SX,2015,1.28485944638437
Sint Maarten (Dutch part),SX,2014,-8.13613939959859
Sint Maarten (Dutch part),SX,2013,0.422119060622617
Sint Maarten (Dutch part),SX,2012,9.39570465234884
Sint Maarten (Dutch part),SX,2011,-0.482155645738833
Slovak Republic,SK,2022,-9.59769039750434
Slovak Republic,SK,2021,-4.78961916349394
Slovak Republic,SK,2020,-0.437071238574067
Slovak Republic,SK,2019,-3.51259174873163
Slovak Republic,SK,2018,-1.59262375291934
Slovak Republic,SK,2017,-1.71807692688754
Slovak Republic,SK,2016,-1.41742583384371
Slovak Republic,SK,2015,-2.05103816352739
Slovak Republic,SK,2014,1.77620820872982
Slovak Republic,SK,2013,2.91051144201471
Slovak Republic,SK,2012,0.938943103720465
Slovak Republic,SK,2011,-4.92376770602968
Slovak Republic,SK,2010,-4.6203044518302
Slovenia,SI,2022,-1.03019750160202
Slovenia,SI,2021,3.36842854821461
Slovenia,SI,2020,7.67395367082141
Slovenia,SI,2019,6.45290585431634
Slovenia,SI,2018,6.52066143026877
Slovenia,SI,2017,6.82058845826205
Slovenia,SI,2016,5.29223433710436
Slovenia,SI,2015,4.11844607611057
Slovenia,SI,2014,5.32786784003455
Slovenia,SI,2013,3.51650748197892
Slovenia,SI,2012,1.40334115378876
Slovenia,SI,2011,-0.772202643426759
Slovenia,SI,2010,-0.686229865264753
Solomon Islands,SB,2022,-13.9516929510842
Solomon Islands,SB,2021,-5.13474114732006
Solomon Islands,SB,2020,-1.63132631148554
Solomon Islands,SB,2019,-9.51098244742117
Solomon Islands,SB,2018,-2.95981146196371
Solomon Islands,SB,2017,-4.27498999015075
Solomon Islands,SB,2016,-3.53779116137824
Solomon Islands,SB,2015,-2.75805796717988
Solomon Islands,SB,2014,-3.71115377219683
Solomon Islands,SB,2013,-2.99759976580723
Solomon Islands,SB,2012,2.22664220100674
Solomon Islands,SB,2011,-1.76448181407241
Solomon Islands,SB,2010,-16.050570178358
South Africa,ZA,2022,-0.461509368787066
South Africa,ZA,2021,3.73044877034516
South Africa,ZA,2020,2.00352275153333
South Africa,ZA,2019,-2.61999067483039
South Africa,ZA,2018,-3.00051939426577
South Africa,ZA,2017,-2.37436753188649
South Africa,ZA,2016,-2.63361451678798
South Africa,ZA,2015,-4.31028688643788
South Africa,ZA,2014,-4.81243259488483
South Africa,ZA,2013,-5.33837274756912
South Africa,ZA,2012,-4.68373643403848
South Africa,ZA,2011,-2.01967628513274
South Africa,ZA,2010,-1.29901805615596
South Sudan,SS,2022,-11.7319125163085
South Sudan,SS,2021,-0.13161314202058
South Sudan,SS,2020,-35.0491711578272
South Sudan,SS,2019,-4.15741601037528
South Sudan,SS,2018,-9.0382483224269
South Sudan,SS,2017,8.30684638743949
South Sudan,SS,2016,-5.76700049530002
South Sudan,SS,2015,-4.169014055128
South Sudan,SS,2014,-5.65945565697319
Spain,ES,2022,0.309856961117303
Spain,ES,2021,0.765004613238448
Spain,ES,2020,0.819280213926574
Spain,ES,2019,2.11978917805626
Spain,ES,2018,1.86142647160727
Spain,ES,2017,2.82857699785743
Spain,ES,2016,3.15808866042231
Spain,ES,2015,2.03697429462383
Spain,ES,2014,1.7359500732857
Spain,ES,2013,2.07791536141213
Spain,ES,2012,0.0552331666960445
Spain,ES,2011,-2.68728637358443
Spain,ES,2010,-3.65895973068443
Sri Lanka,LK,2022,-1.95354537364034
Sri Lanka,LK,2021,-3.7064634239359
Sri Lanka,LK,2020,-1.40813715376196
Sri Lanka,LK,2019,-2.07088768368178
Sri Lanka,LK,2018,-2.96215302641473
Sri Lanka,LK,2017,-2.44658578991858
Sri Lanka,LK,2016,-1.97972336537526
Sri Lanka,LK,2015,-2.21136123658296
Sri Lanka,LK,2014,-2.40848114779964
Sri Lanka,LK,2013,-3.29942347704936
Sri Lanka,LK,2012,-5.69099820826854
Sri Lanka,LK,2011,-6.81209784164494
Sri Lanka,LK,2010,-1.83339082942674
St. Kitts and Nevis,KN,2022,-11.3798541432377
St. Kitts and Nevis,KN,2021,-3.35211367910693
St. Kitts and Nevis,KN,2020,-10.8380413895977
St. Kitts and Nevis,KN,2019,-4.78511635759442
St. Kitts and Nevis,KN,2018,-5.8458015330205
St. Kitts and Nevis,KN,2017,-10.2532816485857
St. Kitts and Nevis,KN,2016,-12.0811606049124
St. Kitts and Nevis,KN,2015,-8.10718614819114
St. Kitts and Nevis,KN,2014,0.698262924495274
St. Kitts and Nevis,KN,2013,-2.86459110864068
St. Kitts and Nevis,KN,2012,-3.12891542335696
St. Kitts and Nevis,KN,2011,-7.81462598635505
St. Kitts and Nevis,KN,2010,-15.3287283630879
St. Lucia,LC,2022,-3.56176856433687
St. Lucia,LC,2021,-11.29638136232
St. Lucia,LC,2020,-18.939337862207
St. Lucia,LC,2019,3.32562257180734
St. Lucia,LC,2018,1.47239112952094
St. Lucia,LC,2017,-1.90841389356262
St. Lucia,LC,2016,-6.33816485486914
St. Lucia,LC,2015,-0.477236989939979
St. Lucia,LC,2014,-2.42897703597574
St. Lucia,LC,2013,-6.53120424868059
St. Lucia,LC,2012,-10.0247004570207
St. Lucia,LC,2011,-14.3071211652342
St. Lucia,LC,2010,-12.6704280191935
St. Vincent and the Grenadines,VC,2022,-20.6651510425249
St. Vincent and the Grenadines,VC,2021,-23.6489081999652
St. Vincent and the Grenadines,VC,2020,-15.8111087104748
St. Vincent and the Grenadines,VC,2019,-2.3874056452236
St. Vincent and the Grenadines,VC,2018,-10.3037962472728
St. Vincent and the Grenadines,VC,2017,-11.8946710104421
St. Vincent and the Grenadines,VC,2016,-13.0833803977971
St. Vincent and the Grenadines,VC,2015,-15.5812824807684
St. Vincent and the Grenadines,VC,2014,-25.2076799475115
St. Vincent and the Grenadines,VC,2013,-24.7266517767588
St. Vincent and the Grenadines,VC,2012,-25.3027530049806
St. Vincent and the Grenadines,VC,2011,-22.3322580316271
St. Vincent and the Grenadines,VC,2010,-26.3254736856601
Sudan,SD,2022,-8.59889945377348
Sudan,SD,2021,-7.65468962500371
Sudan,SD,2020,-21.6064794369516
Sudan,SD,2019,-14.7808388986177
Sudan,SD,2018,-14.4693934170139
Sudan,SD,2017,-11.1697054533751
Sudan,SD,2016,-9.88346111101847
Sudan,SD,2015,-10.5569345811594
Sudan,SD,2014,-7.16013618473832
Sudan,SD,2013,-13.5321488136858
Sudan,SD,2012,-16.6318777556219
Sudan,SD,2011,-4.82188496528231
Sudan,SD,2010,-2.92618988919934
Suriname,SR,2022,2.01288430178227
Suriname,SR,2021,5.66881725385778
Suriname,SR,2020,8.92387981171874
Suriname,SR,2019,-11.1616172949162
Suriname,SR,2018,-2.97065426623087
Suriname,SR,2017,1.92551128292716
Suriname,SR,2016,-4.83755000193214
Suriname,SR,2015,-15.3413674981336
Suriname,SR,2014,-7.94454297839106
Suriname,SR,2013,-3.80907333945483
Suriname,SR,2012,3.26046699609317
Suriname,SR,2011,9.7530323873173
Suriname,SR,2010,14.8990514000174
Sweden,SE,2022,4.72576156484506
Sweden,SE,2021,6.70313387861944
Sweden,SE,2020,5.7975833223945
Sweden,SE,2019,5.32712064769757
Sweden,SE,2018,2.19206475154498
Sweden,SE,2017,2.07432570613665
Sweden,SE,2016,1.84679598887557
Sweden,SE,2015,2.59383978182218
Sweden,SE,2014,3.25046610689162
Sweden,SE,2013,4.33477452937431
Sweden,SE,2012,5.53301807097919
Sweden,SE,2011,5.51025822994298
Sweden,SE,2010,5.92503947637938
Switzerland,CH,2022,8.83701935773527
Switzerland,CH,2021,7.07340304784119
Switzerland,CH,2020,0.375066944737831
Switzerland,CH,2019,3.51229448103216
Switzerland,CH,2018,5.04991825776315
Switzerland,CH,2017,5.34410987370175
Switzerland,CH,2016,7.27641251378068
Switzerland,CH,2015,8.87897961536886
Switzerland,CH,2014,6.86697602914757
Switzerland,CH,2013,9.60676890706284
Switzerland,CH,2012,8.8773281834645
Switzerland,CH,2011,6.21119893660374
Switzerland,CH,2010,13.0332803465038
Syrian Arab Republic,SY,2010,-0.598441929825769
Tajikistan,TJ,2022,15.2573634253921
Tajikistan,TJ,2021,8.22937866606437
Tajikistan,TJ,2020,4.34918092627649
Tajikistan,TJ,2019,-2.23224918510585
Tajikistan,TJ,2018,-4.889664631378
Tajikistan,TJ,2017,2.10935261893798
Tajikistan,TJ,2016,-4.15917376644493
Tajikistan,TJ,2015,-5.76773865149509
Tajikistan,TJ,2014,-3.47271227917375
Tajikistan,TJ,2013,-10.4728821493758
Tajikistan,TJ,2012,-8.92695486705109
Tajikistan,TJ,2011,-6.33655867344341
Tajikistan,TJ,2010,-10.2987565843148
Tanzania,TZ,2022,-7.23534153367144
Tanzania,TZ,2021,-3.36023268162551
Tanzania,TZ,2020,-2.2076210603596
Tanzania,TZ,2019,-2.19615506388311
Tanzania,TZ,2018,-4.05030922232883
Tanzania,TZ,2017,-2.77340665420784
Tanzania,TZ,2016,-2.44651727173222
Tanzania,TZ,2015,-5.52279532317806
Tanzania,TZ,2014,-9.97575000776711
Tanzania,TZ,2013,-10.92678991973
Tanzania,TZ,2012,-9.49381708629511
Tanzania,TZ,2011,-12.6408334198025
Tanzania,TZ,2010,-6.90590514874114
Thailand,TH,2022,-3.46252016627717
Thailand,TH,2021,-2.11799444006618
Thailand,TH,2020,4.18282861454669
Thailand,TH,2019,7.03272640328298
Thailand,TH,2018,5.61986314598972
Thailand,TH,2017,9.63103019182142
Thailand,TH,2016,10.5083543932086
Thailand,TH,2015,6.91581517168622
Thailand,TH,2014,2.8582840987004
Thailand,TH,2013,-2.10153458942232
Thailand,TH,2012,-1.23233637957653
Thailand,TH,2011,2.54217096328341
Thailand,TH,2010,3.36732467219253
Timor-Leste,TL,2022,14.7729942622211
Timor-Leste,TL,2021,42.0530540476572
Timor-Leste,TL,2020,21.229617232887
Timor-Leste,TL,2019,26.381513142775
Timor-Leste,TL,2018,-12.2846134533332
Timor-Leste,TL,2017,-21.3947164358606
Timor-Leste,TL,2016,-32.4953735667323
Timor-Leste,TL,2015,14.1369482552281
Timor-Leste,TL,2014,76.4167145421127
Timor-Leste,TL,2013,171.239439829776
Timor-Leste,TL,2012,235.750605362852
Timor-Leste,TL,2011,225.032885152328
Timor-Leste,TL,2010,189.51829330378
Togo,TG,2020,-0.280228713572482
Togo,TG,2019,-0.792877888994647
Togo,TG,2018,-2.6297295084107
Togo,TG,2017,-1.51302493622226
Togo,TG,2016,-7.19180252354326
Togo,TG,2015,-8.0102115497044
Togo,TG,2014,-7.17107850784041
Togo,TG,2013,-9.4394411347699
Togo,TG,2012,-5.4330212905541
Togo,TG,2011,-5.57134245747162
Togo,TG,2010,-4.21167550941686
Tonga,TO,2022,-5.35510114772662
Tonga,TO,2021,-6.24863342333041
Tonga,TO,2020,-5.727860202779
Tonga,TO,2019,-3.82718576475115
Tonga,TO,2018,-7.00705930095622
Tonga,TO,2017,-7.16886524537565
Tonga,TO,2016,-7.47105586203439
Tonga,TO,2015,-10.9245843858579
Tonga,TO,2014,-6.26556406033615
Tonga,TO,2013,-9.47350622217522
Tonga,TO,2012,-14.8200258649119
Tonga,TO,2011,-20.2517400322146
Tonga,TO,2010,-23.8321094601899
Trinidad and Tobago,TT,2022,17.449203574133
Trinidad and Tobago,TT,2021,10.7334492622031
Trinidad and Tobago,TT,2020,-6.51878691125941
Trinidad and Tobago,TT,2019,4.29070730788455
Trinidad and Tobago,TT,2018,6.61738967605014
Trinidad and Tobago,TT,2017,5.8618127618128
Trinidad and Tobago,TT,2016,-3.27274488779744
Trinidad and Tobago,TT,2015,7.61153477599894
Trinidad and Tobago,TT,2014,13.9893199285126
Trinidad and Tobago,TT,2013,19.405659029692
Trinidad and Tobago,TT,2012,14.1451278264003
Trinidad and Tobago,TT,2011,18.5128374343258
Trinidad and Tobago,TT,2010,18.8299588165597
Tunisia,TN,2022,-8.9036859663426
Tunisia,TN,2021,-5.91736776692053
Tunisia,TN,2020,-6.01234016088557
Tunisia,TN,2019,-8.04912453318916
Tunisia,TN,2018,-10.7946228980082
Tunisia,TN,2017,-10.0143611259515
Tunisia,TN,2016,-8.52887305480808
Tunisia,TN,2015,-8.57094815049074
Tunisia,TN,2014,-8.87794509825978
Tunisia,TN,2013,-7.9667784790268
Tunisia,TN,2012,-7.86572520912914
Tunisia,TN,2011,-7.0355658557361
Tunisia,TN,2010,-4.55447131361941
Turkiye,TR,2022,-5.10220035575386
Turkiye,TR,2021,-0.758783250962872
Turkiye,TR,2020,-4.30020058846608
Turkiye,TR,2019,1.972915018037
Turkiye,TR,2018,-1.87464991997362
Turkiye,TR,2017,-4.09144014062876
Turkiye,TR,2016,-2.54886010397211
Turkiye,TR,2015,-2.47063042859543
Turkiye,TR,2014,-3.41983346678877
Turkiye,TR,2013,-5.15024486549659
Turkiye,TR,2012,-4.74654711740803
Turkiye,TR,2011,-8.87032723560426
Turkiye,TR,2010,-5.74348520655076
Turks and Caicos Islands,TC,2018,15.300944527611
Turks and Caicos Islands,TC,2017,3.40310184293133
Turks and Caicos Islands,TC,2016,23.9314905056886
Turks and Caicos Islands,TC,2015,16.3000886180621
Turks and Caicos Islands,TC,2014,12.8234206601412
Tuvalu,TV,2022,4.59319167015377
Tuvalu,TV,2021,24.1420712684925
Tuvalu,TV,2020,16.3497212467754
Tuvalu,TV,2019,-22.1743644674463
Tuvalu,TV,2018,60.9224209820659
Tuvalu,TV,2017,2.07288116287233
Tuvalu,TV,2016,29.6446004102969
Tuvalu,TV,2015,-33.5990747275474
Tuvalu,TV,2014,-0.479895040010853
Tuvalu,TV,2013,2.84622026743526
Tuvalu,TV,2012,16.3382480187047
Tuvalu,TV,2011,-60.8777544681156
Tuvalu,TV,2010,-43.6491917216297
Uganda,UG,2022,-8.91895156607101
Uganda,UG,2021,-8.89447024348966
Uganda,UG,2020,-9.56953393880005
Uganda,UG,2019,-7.44751739629259
Uganda,UG,2018,-6.33133624612692
Uganda,UG,2017,-4.8845443027942
Uganda,UG,2016,-2.72563968618806
Uganda,UG,2015,-5.09288758031744
Uganda,UG,2014,-6.64160843323991
Uganda,UG,2013,-6.05719389968621
Uganda,UG,2012,-6.06312638733373
Uganda,UG,2011,-7.48878445953837
Uganda,UG,2010,-6.03511814570154
Ukraine,UA,2022,4.9237752939142
Ukraine,UA,2021,-1.94327499620701
Ukraine,UA,2020,3.36296552669264
Ukraine,UA,2019,-2.67995732261758
Ukraine,UA,2018,-4.9140091077667
Ukraine,UA,2017,-3.09838910750506
Ukraine,UA,2016,-1.99880308749136
Ukraine,UA,2015,5.53108477509173
Ukraine,UA,2014,-3.44259678457888
Ukraine,UA,2013,-8.67092024008033
Ukraine,UA,2012,-7.85084742299342
Ukraine,UA,2011,-6.04309232577169
Ukraine,UA,2010,-2.13583862214825
United Kingdom,GB,2022,-2.27877411232757
United Kingdom,GB,2021,-0.440671238610715
United Kingdom,GB,2020,-2.95839949111081
United Kingdom,GB,2019,-2.6851488847368
United Kingdom,GB,2018,-3.92206514953074
United Kingdom,GB,2017,-3.49784868993649
United Kingdom,GB,2016,-5.49879734304565
United Kingdom,GB,2015,-4.94667701136358
United Kingdom,GB,2014,-5.01141706795705
United Kingdom,GB,2013,-4.65119373117685
United Kingdom,GB,2012,-3.14718914670129
United Kingdom,GB,2011,-1.63097008877188
United Kingdom,GB,2010,-2.77184107542602
United States,US,2022,-3.8916721040072
United States,US,2021,-3.66529172058257
United States,US,2020,-2.81541652061746
United States,US,2019,-2.05082808332895
United States,US,2018,-2.12935714812701
United States,US,2017,-1.87442427129943
United States,US,2016,-2.10699725119707
United States,US,2015,-2.2325584903738
United States,US,2014,-2.10117617206317
United States,US,2013,-2.01090797096302
United States,US,2012,-2.57236847367136
United States,US,2011,-2.91862065322661
United States,US,2010,-2.87064145448882
Uruguay,UY,2022,-3.71115949105198
Uruguay,UY,2021,-2.46165158976317
Uruguay,UY,2020,-0.727725470261437
Uruguay,UY,2019,1.29326535028897
Uruguay,UY,2018,-0.460578522523158
Uruguay,UY,2017,0.0113261681498872
Uruguay,UY,2016,0.825062136386404
Uruguay,UY,2015,-0.255015059040964
Uruguay,UY,2014,-2.98942522248202
Uruguay,UY,2013,-3.28720935568054
Uruguay,UY,2012,-3.7550569524485
Uruguay,UY,2011,-2.61132861090732
Uruguay,UY,2010,-1.7421567938392
Uzbekistan,UZ,2022,-3.15990083649044
Uzbekistan,UZ,2021,-6.33246372299443
Uzbekistan,UZ,2020,-4.55709801917972
Uzbekistan,UZ,2019,-5.00972224414465
Uzbekistan,UZ,2018,-6.12166433969794
Uzbekistan,UZ,2017,2.12025210569774
Uzbekistan,UZ,2016,0.24755111491788
Uzbekistan,UZ,2015,1.03912867157671
Uzbekistan,UZ,2014,2.56777659798885
Uzbekistan,UZ,2013,1.79798249224148
Uzbekistan,UZ,2012,1.79063211759422
Uzbekistan,UZ,2011,4.62538550929309
Uzbekistan,UZ,2010,4.57873837700296
Vanuatu,VU,2022,-12.4662029314868
Vanuatu,VU,2021,-7.93891667204483
Vanuatu,VU,2020,-6.36202228392834
Vanuatu,VU,2019,7.82580551277015
Vanuatu,VU,2018,3.23643954970647
Vanuatu,VU,2017,-8.04743378288885
Vanuatu,VU,2016,-9.02402419853687
Vanuatu,VU,2015,-15.6844403857538
Vanuatu,VU,2014,0.548343688130672
Vanuatu,VU,2013,-0.679551096968484
Vanuatu,VU,2012,-9.17502386187912
Vanuatu,VU,2011,-7.91488480979288
Vanuatu,VU,2010,-6.28849949641009
"Venezuela, RB",VE,2014,1.01977919957402
"Venezuela, RB",VE,2013,1.24095235563662
"Venezuela, RB",VE,2012,0.678230616084593
"Venezuela, RB",VE,2011,5.1636396849605
"Venezuela, RB",VE,2010,1.42042436378266
Viet Nam,VN,2022,0.341681183969525
Viet Nam,VN,2021,-1.26284279203588
Viet Nam,VN,2020,4.34486906553373
Viet Nam,VN,2019,3.91824395534242
Viet Nam,VN,2018,1.90236367538642
Viet Nam,VN,2017,-0.586095207209378
Viet Nam,VN,2016,0.243099852637275
Viet Nam,VN,2015,-0.853052854546214
Viet Nam,VN,2014,4.00897026449707
Viet Nam,VN,2013,3.62409015316054
Viet Nam,VN,2012,4.82078231422777
Viet Nam,VN,2011,0.136736251193688
Viet Nam,VN,2010,-2.90486815229253
West Bank and Gaza,PS,2022,-10.6265229873781
West Bank and Gaza,PS,2021,-9.81804738509636
West Bank and Gaza,PS,2020,-12.251111498554
West Bank and Gaza,PS,2019,-10.3854804313719
West Bank and Gaza,PS,2018,-13.1500305467431
West Bank and Gaza,PS,2017,-13.2065607876551
West Bank and Gaza,PS,2016,-13.90776226662
West Bank and Gaza,PS,2015,-13.8789175930847
West Bank and Gaza,PS,2014,-13.5869104014545
West Bank and Gaza,PS,2013,-14.7723926183376
West Bank and Gaza,PS,2012,-14.917075141058
West Bank and Gaza,PS,2011,-18.500705760576
West Bank and Gaza,PS,2010,-13.4993932332553
"Yemen, Rep.",YE,2016,-7.72391066709866
"Yemen, Rep.",YE,2015,-7.12936963148351
"Yemen, Rep.",YE,2014,-3.44275275189167
"Yemen, Rep.",YE,2013,-3.78691356368033
"Yemen, Rep.",YE,2012,-0.94521109936014
"Yemen, Rep.",YE,2011,-1.61143995618416
"Yemen, Rep.",YE,2010,-3.41069923528219
Zambia,ZM,2022,3.74784661580664
Zambia,ZM,2021,11.9003513535048
Zambia,ZM,2020,11.790957110182
Zambia,ZM,2019,0.603690808802687
Zambia,ZM,2018,-1.30116677554112
Zambia,ZM,2017,-1.68127057617849
Zambia,ZM,2016,-4.55168827542136
Zambia,ZM,2015,-3.61227207947561
Zambia,ZM,2014,-1.4270939600475
Zambia,ZM,2013,-0.575955750525117
Zambia,ZM,2012,5.37898486156035
Zambia,ZM,2011,4.65823655766585
Zambia,ZM,2010,7.52549147652086
Zimbabwe,ZW,2022,0.930064172591628
Zimbabwe,ZW,2021,1.27829974854611
Zimbabwe,ZW,2020,4.08017788104783
Zimbabwe,ZW,2019,3.57917851669349
Zimbabwe,ZW,2018,-4.03918326353945
Zimbabwe,ZW,2017,-0.530970477956574
Zimbabwe,ZW,2016,-3.39413798529091
Zimbabwe,ZW,2015,-7.99809536960013
Zimbabwe,ZW,2014,-11.9711528506992
Zimbabwe,ZW,2013,-13.8743823030977
Zimbabwe,ZW,2012,-13.3076220412174
Zimbabwe,ZW,2011,-19.4974720305215
Zimbabwe,ZW,2010,-13.7471605529572
